Courses List for Exchange-in students_Sem 1 of 2025-2026,,,,,,,,,,,,
"Sorted by Offering Unit, Offering Programme & Course Code",,,,,,,,,,as of 20250520,,
"Offering
Unit","Offering
Programme",Course Code,Course Name,"Units
(Credits)",Teachers,Schedule,Hours,"Course
Category",Medium of Instruction (MOI),Remark,,
FBM,ACCT,ACCT2003,Principles of Accounting I (1001),3,Dr. Meng HE,Fri 13:00-14:50,2,MR,English,,,
FBM,ACCT,ACCT2003,Principles of Accounting I (1001),3,Dr. Meng HE,Thu 8:00-8:50,1,MR,English,,,
FBM,ACCT,ACCT2003,Principles of Accounting I (1002),3,Dr. Meng HE,Thu 16:00-17:50,2,MR,English,,,
FBM,ACCT,ACCT2003,Principles of Accounting I (1002),3,Dr. Meng HE,Wed 13:00-13:50,1,MR,English,,,
FBM,ACCT,ACCT2003,Principles of Accounting I (1003),3,Dr. Meng HE,Mon 13:00-14:50,2,MR,English,,,
FBM,ACCT,ACCT2003,Principles of Accounting I (1003),3,Dr. Meng HE,Thu 15:00-15:50,1,MR,English,,,
FBM,ACCT,ACCT2003,Principles of Accounting I (1004),3,Dr. Sun LIU,Fri 13:00-14:50,2,MR,English,,,
FBM,ACCT,ACCT2003,Principles of Accounting I (1004),3,Dr. Sun LIU,Mon 8:00-8:50,1,MR,English,,,
FBM,ACCT,ACCT2003,Principles of Accounting I (1005),3,Dr. Yuyan TANG,Fri 15:00-16:50,2,MR,English,,,
FBM,ACCT,ACCT2003,Principles of Accounting I (1005),3,Dr. Yuyan TANG,Mon 8:00-8:50,1,MR,English,,,
FBM,ACCT,ACCT2003,Principles of Accounting I (1006),3,Dr. Yuyan TANG,Fri 13:00-14:50,2,MR,English,,,
FBM,ACCT,ACCT2003,Principles of Accounting I (1006),3,Dr. Yuyan TANG,Thu 17:00-17:50,1,MR,English,,,
FBM,ACCT,ACCT2013,Principles of Accounting II (1001),3,Dr. Sun LIU,Fri 15:00-16:50,2,MR,English,,,
FBM,ACCT,ACCT2013,Principles of Accounting II (1001),3,Dr. Sun LIU,Wed 8:00-8:50,1,MR,English,,,
FBM,ACCT,ACCT2013,Principles of Accounting II (1002),3,Mr. Donald Kwong Fuk CHAN,Fri 15:00-16:50,2,MR,English,,,
FBM,ACCT,ACCT2013,Principles of Accounting II (1002),3,Mr. Donald Kwong Fuk CHAN,Tue 15:00-15:50,1,MR,English,,,
FBM,ACCT,ACCT2013,Principles of Accounting II (1003),3,Mr. Donald Kwong Fuk CHAN,Mon 15:00-16:50,2,MR,English,,,
FBM,ACCT,ACCT2013,Principles of Accounting II (1003),3,Mr. Donald Kwong Fuk CHAN,Tue 10:00-10:50,1,MR,English,,,
FBM,ACCT,ACCT2013,Principles of Accounting II (1004),3,Dr. Po-Shu AU,Tue 15:00-16:50,2,MR,English,,,
FBM,ACCT,ACCT2013,Principles of Accounting II (1004),3,Dr. Po-Shu AU,Wed 13:00-13:50,1,MR,English,,,
FBM,ACCT,ACCT2013,Principles of Accounting II (1005),3,Dr. Yuyan TANG,Mon 10:00-11:50,2,MR,English,,,
FBM,ACCT,ACCT2013,Principles of Accounting II (1005),3,Dr. Yuyan TANG,Thu 9:00-9:50,1,MR,English,,,
FBM,ACCT,ACCT2013,Principles of Accounting II (1006),3,Dr. Yuyan TANG,Mon 19:00-20:50,2,MR,English,,,
FBM,ACCT,ACCT2013,Principles of Accounting II (1006),3,Dr. Yuyan TANG,Thu 8:00-8:50,1,MR,English,,,
FBM,ACCT,ACCT2033,Introduction to Financial Accounting (for non-BBA major students) (1001),3,Ms. Charlotte Suk Fun LO,Mon 13:00-14:50,2,FE,English,,,
FBM,ACCT,ACCT2033,Introduction to Financial Accounting (for non-BBA major students) (1001),3,Ms. Charlotte Suk Fun LO,Thu 14:00-14:50,1,FE,English,,,
FBM,ACCT,ACCT2043,Principles of Accounting I (1007),3,Dr. Muhammad Atif Khan ACHAKZAI,Mon 8:00-9:50,2,MR,English,,,
FBM,ACCT,ACCT2043,Principles of Accounting I (1007),3,Dr. Muhammad Atif Khan ACHAKZAI,Wed 11:00-11:50,1,MR,English,,,
FBM,ACCT,ACCT2043,Principles of Accounting I (1008),3,Dr. Qiong WU,Tue 10:00-11:50,2,MR,English,,,
FBM,ACCT,ACCT2043,Principles of Accounting I (1008),3,Dr. Qiong WU,Fri 15:00-15:50,1,MR,English,,,
FBM,ACCT,ACCT2043,Principles of Accounting I (1009),3,Dr. Po-Shu AU,Wed 9:00-10:50,2,MR,English,,,
FBM,ACCT,ACCT2043,Principles of Accounting I (1009),3,Dr. Po-Shu AU,Fri 13:00-13:50,1,MR,English,,,
FBM,ACCT,ACCT2043,Principles of Accounting I (1010),3,Ms. Yoma Yanxiao WEI,Fri 13:00-14:50,2,MR,English,,,
FBM,ACCT,ACCT2043,Principles of Accounting I (1010),3,Ms. Yoma Yanxiao WEI,Wed 13:00-13:50,1,MR,English,,,
FBM,ACCT,ACCT2043,Principles of Accounting I (1011),3,Ms. Yoma Yanxiao WEI,Tue 16:00-17:50,2,MR,English,,,
FBM,ACCT,ACCT2043,Principles of Accounting I (1011),3,Ms. Yoma Yanxiao WEI,Fri 15:00-15:50,1,MR,English,,,
FBM,ACCT,ACCT2043,Principles of Accounting I (1012),3,Ms. Kacey Xin ZHAO,Fri 13:00-14:50,2,MR,English,,,
FBM,ACCT,ACCT2043,Principles of Accounting I (1012),3,Ms. Kacey Xin ZHAO,Wed 11:00-11:50,1,MR,English,,,
FBM,ACCT,ACCT2053,Principles of Accounting II (1007),3,Dr. Brian Mo LAM,Fri 15:00-16:50,2,MR,English,,,
FBM,ACCT,ACCT2053,Principles of Accounting II (1007),3,Dr. Brian Mo LAM,Thu 8:00-8:50,1,MR,English,,,
FBM,ACCT,ACCT2053,Principles of Accounting II (1008),3,Dr. Meng HE,Wed 8:00-9:50,2,MR,English,,,
FBM,ACCT,ACCT2053,Principles of Accounting II (1008),3,Dr. Meng HE,Fri 9:00-9:50,1,MR,English,,,
FBM,ACCT,ACCT2053,Principles of Accounting II (1009),3,Dr. Qiong WU,Fri 16:00-17:50,2,MR,English,,,
FBM,ACCT,ACCT2053,Principles of Accounting II (1009),3,Dr. Qiong WU,Tue 17:00-17:50,1,MR,English,,,
FBM,ACCT,ACCT3013,Cost and Management Accounting II (1001),3,Dr. Wing Sun LI,Mon 15:00-16:50,2,ME,English,,,
FBM,ACCT,ACCT3013,Cost and Management Accounting II (1001),3,Dr. Wing Sun LI,Mon 14:00-14:50,1,ME,English,,,gcap
FBM,ACCT,ACCT3013,Cost and Management Accounting II (1002),3,Dr. Muhammad Atif Khan ACHAKZAI,Mon 15:00-16:50,2,ME,English,,,
FBM,ACCT,ACCT3013,Cost and Management Accounting II (1002),3,Dr. Muhammad Atif Khan ACHAKZAI,Thu 11:00-11:50,1,ME,English,,,
FBM,ACCT,ACCT3013,Cost and Management Accounting II (1003),3,Dr. Muhammad Atif Khan ACHAKZAI,Wed 9:00-10:50,2,ME,English,,,
FBM,ACCT,ACCT3013,Cost and Management Accounting II (1003),3,Dr. Muhammad Atif Khan ACHAKZAI,Tue 14:00-14:50,1,ME,English,,,
FBM,ACCT,ACCT3013,Cost and Management Accounting II (1004),3,Dr. Muhammad Atif Khan ACHAKZAI,Tue 10:00-11:50,2,ME,English,,,
FBM,ACCT,ACCT3013,Cost and Management Accounting II (1004),3,Dr. Muhammad Atif Khan ACHAKZAI,Wed 13:00-13:50,1,ME,English,,,
FBM,ACCT,ACCT3023,Hong Kong Taxation (1001),3,ACCT New Teacher 2,Wed 8:00-9:50,2,MR,English,,,
FBM,ACCT,ACCT3023,Hong Kong Taxation (1001),3,ACCT New Teacher 2,Tue 17:00-17:50,1,MR,English,,,
FBM,ACCT,ACCT3023,Hong Kong Taxation (1002),3,ACCT New Teacher 2,Thu 8:00-9:50,2,MR,English,,,
FBM,ACCT,ACCT3023,Hong Kong Taxation (1002),3,ACCT New Teacher 2,Mon 9:00-9:50,1,MR,English,,,
FBM,ACCT,ACCT3023,Hong Kong Taxation (1003),3,Ms. Charlotte Suk Fun LO,Fri 15:00-16:50,2,MR,English,,,
FBM,ACCT,ACCT3023,Hong Kong Taxation (1003),3,Ms. Charlotte Suk Fun LO,Thu 17:00-17:50,1,MR,English,,,
FBM,ACCT,ACCT3023,Hong Kong Taxation (1004),3,Dr. Chi Ho John TANG,Thu 15:00-16:50,2,MR,English,,,
FBM,ACCT,ACCT3023,Hong Kong Taxation (1004),3,Dr. Chi Ho John TANG,Fri 13:00-13:50,1,MR,English,,,
FBM,ACCT,ACCT3023,Hong Kong Taxation (1005),3,Ms. Charlotte Suk Fun LO,Tue 15:00-16:50,2,MR,English,,,
FBM,ACCT,ACCT3023,Hong Kong Taxation (1005),3,Ms. Charlotte Suk Fun LO,Mon 16:00-16:50,1,MR,English,,,
FBM,ACCT,ACCT3023,Hong Kong Taxation (1006),3,Dr. Michael Yuen Hon SO,Mon 16:00-17:50,2,MR,English,,,
FBM,ACCT,ACCT3023,Hong Kong Taxation (1006),3,Dr. Michael Yuen Hon SO,Wed 10:00-10:50,1,MR,English,,,
FBM,ACCT,ACCT3043,Intermediate Accounting II (1001),3,Dr. Po-Shu AU,Fri 14:00-15:50,2,MR,English,,,
FBM,ACCT,ACCT3043,Intermediate Accounting II (1001),3,Dr. Po-Shu AU,Tue 11:00-11:50,1,MR,English,,,
FBM,ACCT,ACCT3043,Intermediate Accounting II (1002),3,Mr. Donald Kwong Fuk CHAN,Wed 10:00-11:50,2,MR,English,,,
FBM,ACCT,ACCT3043,Intermediate Accounting II (1002),3,Mr. Donald Kwong Fuk CHAN,Tue 11:00-11:50,1,MR,English,,,
FBM,ACCT,ACCT3043,Intermediate Accounting II (1003),3,Mr. Donald Kwong Fuk CHAN,Fri 13:00-14:50,2,MR,English,,,
FBM,ACCT,ACCT3043,Intermediate Accounting II (1003),3,Mr. Donald Kwong Fuk CHAN,Mon 10:00-10:50,1,MR,English,,,
FBM,ACCT,ACCT3043,Intermediate Accounting II (1004),3,Dr. Sun LIU,Tue 14:00-15:50,2,MR,English,,,
FBM,ACCT,ACCT3043,Intermediate Accounting II (1004),3,Dr. Sun LIU,Mon 10:00-10:50,1,MR,English,,,
FBM,ACCT,ACCT3043,Intermediate Accounting II (1005),3,Mr. Robert Yick Tak CHAN,Wed 9:00-10:50,2,MR,English,,,
FBM,ACCT,ACCT3043,Intermediate Accounting II (1005),3,Mr. Robert Yick Tak CHAN,Mon 15:00-15:50,1,MR,English,,,
FBM,ACCT,ACCT3043,Intermediate Accounting II (1006),3,Dr. Qiong WU,Thu 16:00-17:50,2,MR,English,,,
FBM,ACCT,ACCT3043,Intermediate Accounting II (1006),3,Dr. Qiong WU,Tue 16:00-16:50,1,MR,English,,,
FBM,ACCT,ACCT3053,Corporate Governance and Accounting (1001),3,Dr. Jessica Zhimin TIAN,Tue 10:00-11:50,2,ME,English,,,
FBM,ACCT,ACCT3053,Corporate Governance and Accounting (1001),3,Dr. Jessica Zhimin TIAN,Wed 13:00-13:50,1,ME,English,,,
FBM,ACCT,ACCT3053,Corporate Governance and Accounting (1002),3,Dr. Jessica Zhimin TIAN,Wed 9:00-10:50,2,ME,English,,,
FBM,ACCT,ACCT3053,Corporate Governance and Accounting (1002),3,Dr. Jessica Zhimin TIAN,Tue 14:00-14:50,1,ME,English,,,
FBM,ACCT,ACCT3063,Tax Planning and Management (1001),3,ACCT New Teacher 2,Mon 15:00-16:50,2,ME,English,,,
FBM,ACCT,ACCT3063,Tax Planning and Management (1001),3,ACCT New Teacher 2,Thu 11:00-11:50,1,ME,English,,,
FBM,ACCT,ACCT3063,Tax Planning and Management (1002),3,Ms. Charlotte Suk Fun LO,Thu 9:00-10:50,2,ME,English,,,
FBM,ACCT,ACCT3063,Tax Planning and Management (1002),3,Ms. Charlotte Suk Fun LO,Mon 11:00-11:50,1,ME,English,,,
FBM,ACCT,ACCT3083,Chinese Taxation Law (1001),3,Ms. Yoma Yanxiao WEI,Fri 10:00-11:50,2,FE,Chinese,,,
FBM,ACCT,ACCT3083,Chinese Taxation Law (1001),3,Ms. Yoma Yanxiao WEI,Tue 13:00-13:50,1,FE,Chinese,,,
FBM,ACCT,ACCT3083,Chinese Taxation Law (1002),3,Ms. Yoma Yanxiao WEI,Tue 8:00-9:50,2,FE,Chinese,,,
FBM,ACCT,ACCT3083,Chinese Taxation Law (1002),3,Ms. Yoma Yanxiao WEI,Thu 13:00-13:50,1,FE,Chinese,,,
FBM,ACCT,ACCT4023,Financial Accounting Theory (1001),3,Dr. Anthony Andong LIU,Wed 9:00-10:50,2,ME,English,,,
FBM,ACCT,ACCT4023,Financial Accounting Theory (1001),3,Dr. Anthony Andong LIU,Tue 14:00-14:50,1,ME,English,,,
FBM,ACCT,ACCT4033,Accounting Information Systems (1001),3,Dr. Man Hung Alvin CHENG,Mon 16:00-17:50,2,MR,English,,,
FBM,ACCT,ACCT4033,Accounting Information Systems (1001),3,Dr. Man Hung Alvin CHENG,Thu 11:00-11:50,1,MR,English,,,
FBM,ACCT,ACCT4033,Accounting Information Systems (1002),3,Dr. Man Hung Alvin CHENG,Fri 16:00-17:50,2,MR,English,,,
FBM,ACCT,ACCT4033,Accounting Information Systems (1002),3,Dr. Man Hung Alvin CHENG,Tue 16:00-16:50,1,MR,English,,,
FBM,ACCT,ACCT4033,Accounting Information Systems (1003),3,Dr. Man Hung Alvin CHENG,Thu 19:00-20:50,2,MR,English,,,
FBM,ACCT,ACCT4033,Accounting Information Systems (1003),3,Dr. Man Hung Alvin CHENG,Tue 14:00-14:50,1,MR,English,,,
FBM,ACCT,ACCT4033,Accounting Information Systems (1004),3,Dr. Brian Mo LAM,Thu 19:00-20:50,2,MR,English,,,
FBM,ACCT,ACCT4033,Accounting Information Systems (1004),3,Dr. Brian Mo LAM,Mon 16:00-16:50,1,MR,English,,,
FBM,ACCT,ACCT4033,Accounting Information Systems (1005),3,Dr. Brian Mo LAM,Mon 19:00-20:50,2,MR,English,,,
FBM,ACCT,ACCT4033,Accounting Information Systems (1005),3,Dr. Brian Mo LAM,Tue 10:00-10:50,1,MR,English,,,
FBM,ACCT,ACCT4033,Accounting Information Systems (1006),3,Dr. Brian Mo LAM,Tue 19:00-20:50,2,MR,English,,,
FBM,ACCT,ACCT4033,Accounting Information Systems (1006),3,Dr. Brian Mo LAM,Mon 15:00-15:50,1,MR,English,,,
FBM,ACCT,ACCT4053,Advanced Accounting II (1001),3,Dr. Anthony Andong LIU,Fri 8:00-9:50,2,MR,English,,,
FBM,ACCT,ACCT4053,Advanced Accounting II (1001),3,Dr. Anthony Andong LIU,Tue 15:00-15:50,1,MR,English,,,
FBM,ACCT,ACCT4053,Advanced Accounting II (1002),3,Mr. Robert Yick Tak CHAN,Fri 13:00-14:50,2,MR,English,,,
FBM,ACCT,ACCT4053,Advanced Accounting II (1002),3,Mr. Robert Yick Tak CHAN,Mon 17:00-17:50,1,MR,English,,,
FBM,ACCT,ACCT4053,Advanced Accounting II (1003),3,Mr. Robert Yick Tak CHAN,Mon 9:00-10:50,2,MR,English,,,
FBM,ACCT,ACCT4053,Advanced Accounting II (1003),3,Mr. Robert Yick Tak CHAN,Fri 16:00-16:50,1,MR,English,,,
FBM,ACCT,ACCT4053,Advanced Accounting II (1004),3,Mr. Robert Yick Tak CHAN,Fri 8:00-9:50,2,MR,English,,,
FBM,ACCT,ACCT4053,Advanced Accounting II (1004),3,Mr. Robert Yick Tak CHAN,Wed 8:00-8:50,1,MR,English,,,
FBM,ACCT,ACCT4053,Advanced Accounting II (1005),3,Mr. Robert Yick Tak CHAN,Fri 17:00-18:50,2,MR,English,,,
FBM,ACCT,ACCT4053,Advanced Accounting II (1005),3,Mr. Robert Yick Tak CHAN,Wed 11:00-11:50,1,MR,English,,,
FBM,ACCT,ACCT4063,Accounting Internship (1001),3,Dr. Anthony Andong LIU,Tue 17:00-17:50,1,ME,English,,,
FBM,ACCT,BUS2053,Principles of Law (1001),3,ACCT New Teacher 1,Thu 10:00-11:50,2,MR,English,,,
FBM,ACCT,BUS2053,Principles of Law (1001),3,ACCT New Teacher 1,Mon 17:00-17:50,1,MR,English,,,
FBM,ACCT,BUS2053,Principles of Law (1002),3,ACCT New Teacher 1,Thu 15:00-16:50,2,MR,English,,,
FBM,ACCT,BUS2053,Principles of Law (1002),3,ACCT New Teacher 1,Mon 15:00-15:50,1,MR,English,,,
FBM,ACCT,BUS2053,Principles of Law (1003),3,ACCT New Teacher 1,Wed 8:00-9:50,2,MR,English,,,
FBM,ACCT,BUS2053,Principles of Law (1003),3,ACCT New Teacher 1,Mon 10:00-10:50,1,MR,English,,,
FBM,ACCT,BUS2053,Principles of Law (1004),3,Dr. Tat Chee TSUI,Tue 14:00-15:50,2,MR,English,,,
FBM,ACCT,BUS2053,Principles of Law (1004),3,Dr. Tat Chee TSUI,Fri 16:00-16:50,1,MR,English,,,
FBM,ACCT,BUS2053,Principles of Law (1005),3,Dr. Tat Chee TSUI,Thu 15:00-16:50,2,MR,English,,,
FBM,ACCT,BUS2053,Principles of Law (1005),3,Dr. Tat Chee TSUI,Wed 9:00-9:50,1,MR,English,,,
FBM,ACCT,BUS2053,Principles of Law (1006),3,Ms. Jue WANG,Fri 8:00-9:50,2,MR,English,,,
FBM,ACCT,BUS2053,Principles of Law (1006),3,Ms. Jue WANG,Tue 14:00-14:50,1,MR,English,,,
FBM,ACCT,BUS2053,Principles of Law (1007),3,Ms. Jue WANG,Mon 9:00-10:50,2,MR,English,,,
FBM,ACCT,BUS2053,Principles of Law (1007),3,Ms. Jue WANG,Thu 15:00-15:50,1,MR,English,,,
FBM,ACCT,BUS2053,Principles of Law (1008),3,Dr. Chi Ho John TANG,Tue 10:00-11:50,2,MR,English,,,
FBM,ACCT,BUS2053,Principles of Law (1008),3,Dr. Chi Ho John TANG,Fri 17:00-17:50,1,MR,English,,,
FBM,ACCT,BUS3013,Company Law (1001),3,ACCT New Teacher 1,Tue 14:00-15:50,2,MR,English,,,
FBM,ACCT,BUS3013,Company Law (1001),3,ACCT New Teacher 1,Wed 11:00-11:50,1,MR,English,,,
FBM,ACCT,BUS3013,Company Law (1002),3,Ms. Jue WANG,Thu 16:00-17:50,2,MR,English,,,
FBM,ACCT,BUS3013,Company Law (1002),3,Ms. Jue WANG,Tue 17:00-17:50,1,MR,English,,,
FBM,ACCT,BUS3013,Company Law (1003),3,Ms. Jue WANG,Thu 9:00-10:50,2,MR,English,,,
FBM,ACCT,BUS3013,Company Law (1003),3,Ms. Jue WANG,Tue 15:00-15:50,1,MR,English,,,
FBM,ACCT,BUS3013,Company Law (1004),3,Dr. Tat Chee TSUI,Thu 8:00-9:50,2,MR,English,,,
FBM,ACCT,BUS3013,Company Law (1004),3,Dr. Tat Chee TSUI,Tue 16:00-16:50,1,MR,English,,,
FBM,ACCT,BUS3013,Company Law (1005),3,Dr. Tat Chee TSUI,Fri 14:00-15:50,2,MR,English,,,
FBM,ACCT,BUS3013,Company Law (1005),3,Dr. Tat Chee TSUI,Wed 11:00-11:50,1,MR,English,,,
FBM,ACCT,BUS3013,Company Law (1006),3,Dr. Chi Ho John TANG,Tue 14:00-15:50,2,MR,English,,,
FBM,ACCT,BUS3013,Company Law (1006),3,Dr. Chi Ho John TANG,Fri 16:00-16:50,1,MR,English,,,
FBM,ACCT,BUS4023,Management Information Systems (1005),3,Prof. Lingyun QIU,Thu 9:00-10:50,2,ME,English,,,
FBM,ACCT,BUS4023,Management Information Systems (1005),3,Prof. Lingyun QIU,Mon 11:00-11:50,1,ME,English,,,
FBM,ACCT,BUS4023,Management Information Systems (1006),3,Dr. Na JIANG,Tue 10:00-11:50,2,ME,English,,,
FBM,ACCT,BUS4023,Management Information Systems (1006),3,Dr. Na JIANG,Wed 13:00-13:50,1,ME,English,,,
FBM,ACCT,BUS4093,Management Information Systems (1001),3,Dr. Chun Kit LAU,Mon 15:00-17:50,3,MR,English,,,
FBM,ACCT,BUS4093,Management Information Systems (1002),3,Dr. Chun Kit LAU,Tue 15:00-17:50,3,MR,English,,,
FBM,ACCT,BUS4093,Management Information Systems (1003),3,Dr. Don Junyi CHAI,Mon 15:00-16:50,2,MR,English,,,
FBM,ACCT,BUS4093,Management Information Systems (1003),3,Dr. Don Junyi CHAI,Tue 11:00-11:50,1,MR,English,,,
FBM,ACCT,BUS4093,Management Information Systems (1004),3,Prof. Lingyun QIU,Tue 16:00-17:50,2,MR,English,,,
FBM,ACCT,BUS4093,Management Information Systems (1004),3,Prof. Lingyun QIU,Fri 17:00-17:50,1,MR,English,,,
FBM,AE,ECON2003,Principles of Macroeconomics (1010),3,Dr. Zoey Yi XIAO,Tue 8:00-9:50,2,FE,English,,,
FBM,AE,ECON2003,Principles of Macroeconomics (1010),3,Dr. Zoey Yi XIAO,Thu 13:00-13:50,1,FE,English,,,
FBM,AE,ECON2003,Principles of Macroeconomics (1001),3,Dr. Zemin LU,Fri 8:00-9:50,2,MR,English,,,
FBM,AE,ECON2003,Principles of Macroeconomics (1001),3,Dr. Zemin LU,Thu 9:00-9:50,1,MR,English,,,
FBM,AE,ECON2003,Principles of Macroeconomics (1002),3,Dr. Zemin LU,Mon 15:00-16:50,2,MR,English,,,
FBM,AE,ECON2003,Principles of Macroeconomics (1002),3,Dr. Zemin LU,Thu 8:00-8:50,1,MR,English,,,
FBM,AE,ECON2003,Principles of Macroeconomics (1003),3,Dr. Hao SHI,Mon 10:00-11:50,2,MR,English,,,
FBM,AE,ECON2003,Principles of Macroeconomics (1003),3,Dr. Hao SHI,Fri 9:00-9:50,1,MR,English,,,
FBM,AE,ECON2003,Principles of Macroeconomics (1004),3,Dr. Sara Xiao CHANG,Fri 13:00-14:50,2,MR,English,,,
FBM,AE,ECON2003,Principles of Macroeconomics (1004),3,Dr. Sara Xiao CHANG,Tue 14:00-14:50,1,MR,English,,,
FBM,AE,ECON2003,Principles of Macroeconomics (1005),3,Dr. An-Hsiang LIU,Wed 8:00-9:50,2,MR,English,,,
FBM,AE,ECON2003,Principles of Macroeconomics (1005),3,Dr. An-Hsiang LIU,Mon 16:00-16:50,1,MR,English,,,
FBM,AE,ECON2003,Principles of Macroeconomics (1006),3,Dr. Emily Jianjing TANG,Mon 15:00-16:50,2,MR,English,,,
FBM,AE,ECON2003,Principles of Macroeconomics (1006),3,Dr. Emily Jianjing TANG,Tue 15:00-15:50,1,MR,English,,,
FBM,AE,ECON2003,Principles of Macroeconomics (1007),3,Dr. William Wai Yip CHOW,Mon 8:00-9:50,2,MR,English,,,
FBM,AE,ECON2003,Principles of Macroeconomics (1007),3,Dr. William Wai Yip CHOW,Thu 15:00-15:50,1,MR,English,,,
FBM,AE,ECON2003,Principles of Macroeconomics (1008),3,Dr. Gangzhi FAN,Fri 13:00-14:50,2,MR,English,,,
FBM,AE,ECON2003,Principles of Macroeconomics (1008),3,Dr. Gangzhi FAN,Thu 16:00-16:50,1,MR,English,,,
FBM,AE,ECON2003,Principles of Macroeconomics (1009),3,Dr. Zhi YU,Thu 9:00-10:50,2,MR,English,,,
FBM,AE,ECON2003,Principles of Macroeconomics (1009),3,Dr. Zhi YU,Mon 15:00-15:50,1,MR,English,,,
FBM,AE,ECON2013,Principles of Microeconomics (1009),3,Mr. Xiaoyan ZHOU,Tue 8:00-9:50,2,FE,English,,,
FBM,AE,ECON2013,Principles of Microeconomics (1009),3,Mr. Xiaoyan ZHOU,Thu 13:00-13:50,1,FE,English,,,
FBM,AE,ECON2013,Principles of Microeconomics (1001),3,Dr. Zemin LU,Fri 16:00-17:50,2,MR,English,,,
FBM,AE,ECON2013,Principles of Microeconomics (1001),3,Dr. Zemin LU,Mon 17:00-17:50,1,MR,English,,,
FBM,AE,ECON2013,Principles of Microeconomics (1002),3,Dr. Zemin LU,Wed 9:00-10:50,2,MR,English,,,
FBM,AE,ECON2013,Principles of Microeconomics (1002),3,Dr. Zemin LU,Fri 13:00-13:50,1,MR,English,,,
FBM,AE,ECON2013,Principles of Microeconomics (1003),3,Dr. Zoey Yi XIAO,Fri 16:00-17:50,2,MR,English,,,
FBM,AE,ECON2013,Principles of Microeconomics (1003),3,Dr. Zoey Yi XIAO,Thu 15:00-15:50,1,MR,English,,,
FBM,AE,ECON2013,Principles of Microeconomics (1004),3,Dr. Zhi YU,Mon 16:00-17:50,2,MR,English,,,
FBM,AE,ECON2013,Principles of Microeconomics (1004),3,Dr. Zhi YU,Wed 8:00-8:50,1,MR,English,,,
FBM,AE,ECON2013,Principles of Microeconomics (1005),3,Dr. Sara Xiao CHANG,Fri 16:00-17:50,2,MR,English,,,
FBM,AE,ECON2013,Principles of Microeconomics (1005),3,Dr. Sara Xiao CHANG,Thu 15:00-15:50,1,MR,English,,,
FBM,AE,ECON2013,Principles of Microeconomics (1006),3,Dr. Bei LUO,Wed 8:00-9:50,2,MR,English,,,
FBM,AE,ECON2013,Principles of Microeconomics (1006),3,Dr. Bei LUO,Thu 17:00-17:50,1,MR,English,,,
FBM,AE,ECON2013,Principles of Microeconomics (1007),3,Dr. Bei LUO,Fri 16:00-17:50,2,MR,English,,,
FBM,AE,ECON2013,Principles of Microeconomics (1007),3,Dr. Bei LUO,Mon 15:00-15:50,1,MR,English,,,
FBM,AE,ECON2013,Principles of Microeconomics (1008),3,Prof. Zhihua LI,Fri 16:00-17:50,2,MR,English,,,
FBM,AE,ECON2013,Principles of Microeconomics (1008),3,Prof. Zhihua LI,Thu 8:00-8:50,1,MR,English,,,
FBM,AE,ECON2063,Introduction to Economics (1001),3,Dr. Sara Xiao CHANG,Wed 8:00-9:50,2,MR,English,,,
FBM,AE,ECON2063,Introduction to Economics (1001),3,Dr. Sara Xiao CHANG,Tue 17:00-17:50,1,MR,English,,,
FBM,AE,ECON2083,Economic History (1001),3,Dr. Emily Jianjing TANG,Mon 9:00-10:50,2,ME,English,,,
FBM,AE,ECON2083,Economic History (1001),3,Dr. Emily Jianjing TANG,Wed 13:00-13:50,1,ME,English,,,
FBM,AE,ECON3003,Intermediate Macroeconomics (1001),3,Dr. An-Hsiang LIU,Fri 8:00-9:50,2,MR,English,,,
FBM,AE,ECON3003,Intermediate Macroeconomics (1001),3,Dr. An-Hsiang LIU,Thu 11:00-11:50,1,MR,English,,,
FBM,AE,ECON3003,Intermediate Macroeconomics (1002),3,Prof. Siu Kee WONG,Mon 16:00-17:50,2,MR,English,,,
FBM,AE,ECON3003,Intermediate Macroeconomics (1002),3,Prof. Siu Kee WONG,Tue 10:00-10:50,1,MR,English,,,
FBM,AE,ECON3003,Intermediate Macroeconomics (1003),3,Dr. Gangzhi FAN,Wed 8:00-9:50,2,MR,English,,,
FBM,AE,ECON3003,Intermediate Macroeconomics (1003),3,Dr. Gangzhi FAN,Tue 10:00-10:50,1,MR,English,,,
FBM,AE,ECON3013,Applied Econometrics (1005),3,,Thu 16:00-17:50,2,FE,English,,,
FBM,AE,ECON3013,Applied Econometrics (1005),3,,Fri 15:00-15:50,1,FE,English,,,
FBM,AE,ECON3013,Applied Econometrics (1004),3,Dr. Ming-Lu WU,Thu 16:00-17:50,2,ME,English,,,
FBM,AE,ECON3013,Applied Econometrics (1004),3,Dr. Ming-Lu WU,Fri 15:00-15:50,1,ME,English,,,
FBM,AE,ECON3013,Applied Econometrics (1001),3,Mr. Xiaoyan ZHOU,Mon 15:00-16:50,2,MR,English,,,
FBM,AE,ECON3013,Applied Econometrics (1001),3,Mr. Xiaoyan ZHOU,Fri 17:00-17:50,1,MR,English,,,
FBM,AE,ECON3013,Applied Econometrics (1002),3,Dr. Yaohua QIN,Thu 9:00-10:50,2,MR,English,,,
FBM,AE,ECON3013,Applied Econometrics (1002),3,Dr. Yaohua QIN,Fri 16:00-16:50,1,MR,English,,,
FBM,AE,ECON3013,Applied Econometrics (1003),3,Dr. William Wai Yip CHOW,Mon 16:00-17:50,2,MR,English,,,
FBM,AE,ECON3013,Applied Econometrics (1003),3,Dr. William Wai Yip CHOW,Thu 11:00-11:50,1,MR,English,,,
FBM,AE,ECON3053,Foundations of Chinese Economy (1001),3,Dr. Darren Zhiquan WENG,Mon 13:00-14:50,2,FE,English,,,
FBM,AE,ECON3053,Foundations of Chinese Economy (1001),3,Dr. Darren Zhiquan WENG,Thu 14:00-14:50,1,FE,English,,,
FBM,AE,ECON3073,Games and Economic Decisions (1001),3,Dr. An-Hsiang LIU,Mon 9:00-10:50,2,ME,English,,,
FBM,AE,ECON3073,Games and Economic Decisions (1001),3,Dr. An-Hsiang LIU,Wed 13:00-13:50,1,ME,English,,,
FBM,AE,ECON3113,Linear Algebra for Economics and Finance (1002),3,Dr. Ming-Lu WU,Fri 13:00-14:50,2,FE,English,,,
FBM,AE,ECON3113,Linear Algebra for Economics and Finance (1002),3,Dr. Ming-Lu WU,Thu 15:00-15:50,1,FE,English,,,
FBM,AE,ECON3113,Linear Algebra for Economics and Finance (1001),3,Dr. Ming-Lu WU,Fri 13:00-14:50,2,ME,English,,,
FBM,AE,ECON3113,Linear Algebra for Economics and Finance (1001),3,Dr. Ming-Lu WU,Thu 15:00-15:50,1,ME,English,,,
FBM,AE,ECON3123,Calculus for Economics and Finance (1001),3,Dr. Peimin CHEN,Fri 14:00-15:50,2,FE/MATH,English,,,
FBM,AE,ECON3123,Calculus for Economics and Finance (1001),3,Dr. Peimin CHEN,Thu 11:00-11:50,1,FE/MATH,English,,,
FBM,AE,ECON3123,Calculus for Economics and Finance (1002),3,AE New Teacher 1,Mon 8:00-9:50,2,FE/MATH,English,,,
FBM,AE,ECON3123,Calculus for Economics and Finance (1002),3,AE New Teacher 1,Wed 9:00-9:50,1,FE/MATH,English,,,
FBM,AE,ECON3173,Cross Section and Panel Data Analysis (1001),3,Dr. Mi LIN,Thu 9:00-10:50,2,ME,English,,,
FBM,AE,ECON3173,Cross Section and Panel Data Analysis (1001),3,Dr. Mi LIN,Mon 11:00-11:50,1,ME,English,,,
FBM,AE,ECON3183,Time Series Data Analysis (1001),3,Dr. Mi LIN,Mon 15:00-16:50,2,ME,English,,,
FBM,AE,ECON3183,Time Series Data Analysis (1001),3,Dr. Mi LIN,Thu 11:00-11:50,1,ME,English,,,
FBM,AE,ECON3193,Behavioural Economics (1001),3,Prof. Zhihua LI,Thu 9:00-10:50,2,ME,English,,,
FBM,AE,ECON3193,Behavioural Economics (1001),3,Prof. Zhihua LI,Mon 11:00-11:50,1,ME,English,,,
FBM,AE,ECON4003,Economic and Business Forecasting (1001),3,Dr. William Wai Yip CHOW,Fri 13:00-14:50,2,ME,English,,,
FBM,AE,ECON4003,Economic and Business Forecasting (1001),3,Dr. William Wai Yip CHOW,Tue 14:00-14:50,1,ME,English,,,
FBM,AE,ECON4013,Industrial Organisation (1001),3,Prof. Siu Kee WONG,Wed 9:00-10:50,2,ME,English,,,
FBM,AE,ECON4013,Industrial Organisation (1001),3,Prof. Siu Kee WONG,Thu 15:00-15:50,1,ME,English,,,
FBM,AE,ECON4023,Labour Economics (1002),3,Dr. Bei LUO,Fri 13:00-14:50,2,ME,English,,,
FBM,AE,ECON4023,Labour Economics (1002),3,Dr. Bei LUO,Thu 15:00-15:50,1,ME,English,,,
FBM,AE,ECON4023,Labour Economics (1001),3,Dr. Bei LUO,Mon 9:00-10:50,2,ME,English,,,
FBM,AE,ECON4023,Labour Economics (1001),3,Dr. Bei LUO,Wed 13:00-13:50,1,ME,English,,,
FBM,AE,ECON4053,Development Economics (1001),3,Dr. Hao SHI,Fri 13:00-14:50,2,ME,English,,,
FBM,AE,ECON4053,Development Economics (1001),3,Dr. Hao SHI,Tue 14:00-14:50,1,ME,English,,,
FBM,AE,ECON4083,International Trade (1002),3,Dr. Zhi YU,Mon 9:00-10:50,2,ME,English,,,
FBM,AE,ECON4083,International Trade (1002),3,Dr. Zhi YU,Wed 13:00-13:50,1,ME,English,,,
FBM,AE,ECON4083,International Trade (1001),3,Prof. Siu Kee WONG,Thu 9:00-10:50,2,ME,English,,,
FBM,AE,ECON4083,International Trade (1001),3,Prof. Siu Kee WONG,Mon 11:00-11:50,1,ME,English,,,
FBM,AE,ECON4093,Urban Economics (1001),3,Dr. Zheng CHANG,Wed 9:00-10:50,2,ME,English,,,
FBM,AE,ECON4093,Urban Economics (1001),3,Dr. Zheng CHANG,Tue 19:00-19:50,1,ME,English,,,
FBM,AE,ECON4103,Applied Economics Internship (1001),3,Dr. Darren Zhiquan WENG,Thu 16:00-17:50,2,ME,English,,,
FBM,AE,ECON4123,Real Estate Economics and Finance (1001),3,Dr. Zheng CHANG,Wed 19:00-20:50,2,ME,English,,,
FBM,AE,ECON4123,Real Estate Economics and Finance (1001),3,Dr. Zheng CHANG,Mon 11:00-11:50,1,ME,English,,,
FBM,AE,ECON4133,Microeconomic Theory (1001),3,Dr. Zheng CHANG,Mon 15:00-16:50,2,ME,English,,,
FBM,AE,ECON4133,Microeconomic Theory (1001),3,Dr. Zheng CHANG,Tue 20:00-20:50,1,ME,English,,,
FBM,BUSA,BA2003,Artificial Intelligence and Deep Learning (1001),3,Dr. Lily Bei LUO,Thu 10:00-11:50,2,MR,English,,,
FBM,BUSA,BA2003,Artificial Intelligence and Deep Learning (1001),3,Dr. Lily Bei LUO,Fri 9:00-9:50,1,MR,English,,,
FBM,BUSA,BA2023,Operations Research (1001),3,Dr. Peimin CHEN,Thu 16:00-17:50,2,MR,English,,,
FBM,BUSA,BA2023,Operations Research (1001),3,Dr. Peimin CHEN,Fri 13:00-13:50,1,MR,English,,,
FBM,BUSA,BA2043,R Language for Statistics (1001),3,Dr. Xiaofei SONG,Tue 19:00-20:50,2,MR,English,,,
FBM,BUSA,BA2043,R Language for Statistics (1001),3,Dr. Xiaofei SONG,Mon 9:00-9:50,1,MR,English,,,
FBM,BUSA,BA3043,Data Visualization (1001),3,Dr. Xiaofei SONG,Mon 10:00-11:50,2,ME,English,,,
FBM,BUSA,BA3043,Data Visualization (1001),3,Dr. Xiaofei SONG,Wed 13:00-13:50,1,ME,English,,,
FBM,BUSA,EBIS2023,Business Analytics (1001),3,Dr. Yue WU,Mon 19:00-20:50,2,MR,English,,,
FBM,BUSA,EBIS2023,Business Analytics (1001),3,Dr. Yue WU,Wed 10:00-10:50,1,MR,English,,,
FBM,BUSA,EBIS2023,Business Analytics (1002),3,Dr. Shilei LI,Wed 10:00-11:50,2,MR,English,,,
FBM,BUSA,EBIS2023,Business Analytics (1002),3,Dr. Shilei LI,Thu 15:00-15:50,1,MR,English,,,
FBM,BUSA,EBIS2023,Business Analytics (1003),3,Dr. Shilei LI,Wed 8:00-9:50,2,MR,English,,,
FBM,BUSA,EBIS2023,Business Analytics (1003),3,Dr. Shilei LI,Fri 9:00-9:50,1,MR,English,,,
FBM,BUSA,EBIS2023,Business Analytics (1004),3,Dr. Sangwook HA,Mon 16:00-17:50,2,MR,English,,,
FBM,BUSA,EBIS2023,Business Analytics (1004),3,Dr. Sangwook HA,Wed 10:00-10:50,1,MR,English,,,
FBM,BUSA,EBIS2023,Business Analytics (1005),3,Dr. Shilei LI,Thu 10:00-11:50,2,MR,English,,,
FBM,BUSA,EBIS2023,Business Analytics (1005),3,Dr. Shilei LI,Tue 15:00-15:50,1,MR,English,,,
FBM,BUSA,EBIS2023,Business Analytics (1006),3,Dr. Na JIANG,Mon 8:00-9:50,2,MR,English,,,
FBM,BUSA,EBIS2023,Business Analytics (1006),3,Dr. Na JIANG,Tue 14:00-14:50,1,MR,English,,,
FBM,BUSA,EBIS2023,Business Analytics (1007),3,Dr. Na JIANG,Tue 15:00-16:50,2,MR,English,,,
FBM,BUSA,EBIS2023,Business Analytics (1007),3,Dr. Na JIANG,Wed 10:00-10:50,1,MR,English,,,
FBM,BUSA,EBIS2023,Business Analytics (1008),3,Dr. Na JIANG,Mon 19:00-20:50,2,MR,English,,,
FBM,BUSA,EBIS2023,Business Analytics (1008),3,Dr. Na JIANG,Wed 11:00-11:50,1,MR,English,,,
FBM,BUSA,EBIS2023,Business Analytics (1009),3,Dr. Yue WU,Fri 8:00-9:50,2,MR,English,,,
FBM,BUSA,EBIS2023,Business Analytics (1009),3,Dr. Yue WU,Wed 11:00-11:50,1,MR,English,,,
FBM,BUSA,EBIS2023,Business Analytics (1010),3,BUSA New Teacher 1,Mon 19:00-20:50,2,MR,English,,,
FBM,BUSA,EBIS2023,Business Analytics (1010),3,BUSA New Teacher 1,Wed 8:00-8:50,1,MR,English,,,
FBM,BUSA,EBIS2023,Business Analytics (1011),3,BUSA New Teacher 1,Mon 8:00-9:50,2,MR,English,,,
FBM,BUSA,EBIS2023,Business Analytics (1011),3,BUSA New Teacher 1,Fri 16:00-16:50,1,MR,English,,,
FBM,BUSA,EBIS2023,Business Analytics (1012),3,BUSA New Teacher 2,Mon 8:00-9:50,2,MR,English,,,
FBM,BUSA,EBIS2023,Business Analytics (1012),3,BUSA New Teacher 2,Fri 9:00-9:50,1,MR,English,,,
FBM,BUSA,EBIS2023,Business Analytics (1013),3,Dr. Xiaofei SONG,Tue 10:00-11:50,2,MR,English,,,
FBM,BUSA,EBIS2023,Business Analytics (1013),3,Dr. Xiaofei SONG,Wed 11:00-11:50,1,MR,English,,,
FBM,BUSA,EBIS2023,Business Analytics (1014),3,BUSA New Teacher 2,Tue 15:00-16:50,2,MR,English,,,
FBM,BUSA,EBIS2023,Business Analytics (1014),3,BUSA New Teacher 2,Fri 8:00-8:50,1,MR,English,,,
FBM,BUSA,EBIS2023,Business Analytics (1015),3,BUSA New Teacher 2,Fri 15:00-16:50,2,MR,English,,,
FBM,BUSA,EBIS2023,Business Analytics (1015),3,BUSA New Teacher 2,Tue 17:00-17:50,1,MR,English,,,
FBM,BUSA,GTSC2143,Machine Learning for Business (1001),3,Dr. Lily Bei LUO,Fri 10:00-11:50,2,GE2021,English,,,
FBM,BUSA,GTSC2143,Machine Learning for Business (1001),3,Dr. Lily Bei LUO,Tue 13:00-13:50,1,GE2021,English,,,
FBM,DMM,DMM2023,Media and Culture (1001),3,Dr. Donald Weston HARPER,Tue 15:00-16:50,2,MR,English,,,
FBM,DMM,DMM2023,Media and Culture (1001),3,Dr. Donald Weston HARPER,Mon 15:00-15:50,1,MR,English,,,
FBM,DMM,DMM3033,Media Psychology (1001),3,DMM New Teacher 1,Fri 8:00-9:50,2,MR,English,,,
FBM,DMM,DMM3033,Media Psychology (1001),3,DMM New Teacher 1,Tue 14:00-14:50,1,MR,English,,,
FBM,DMM,DMM3073,Social Media Management (1001),3,DMM New Teacher 1,Mon 9:00-10:50,2,MR,English,,,
FBM,DMM,DMM3073,Social Media Management (1001),3,DMM New Teacher 1,Fri 13:00-13:50,1,MR,English,,,
FBM,EBIS,EBIS20138002,Fundamentals of Digital Economy and Fintech (1002),3,Prof. Andy Luchuan LIU,Fri 8:00-9:50,2,FE,English,,,
FBM,EBIS,EBIS20138002,Fundamentals of Digital Economy and Fintech (1002),3,Prof. Andy Luchuan LIU,Thu 8:00-8:50,1,FE,English,,,
FBM,EBIS,EBIS20138002,Fundamentals of Digital Economy and Fintech (1001),3,Prof. Andy Luchuan LIU,Fri 8:00-9:50,2,ME,English,,,
FBM,EBIS,EBIS20138002,Fundamentals of Digital Economy and Fintech (1001),3,Prof. Andy Luchuan LIU,Thu 8:00-8:50,1,ME,English,,,
FBM,EBIS,EBIS3003,Database Management (1001),3,Dr. Lily Bei LUO,Tue 10:00-11:50,2,MR,English,,,
FBM,EBIS,EBIS3003,Database Management (1001),3,Dr. Lily Bei LUO,Fri 13:00-13:50,1,MR,English,,,
FBM,EBIS,EBIS3013,Business Systems Design and Analysis (1001),3,Dr. Sangwook HA,Thu 15:00-16:50,2,MR,English,,,
FBM,EBIS,EBIS3013,Business Systems Design and Analysis (1001),3,Dr. Sangwook HA,Wed 11:00-11:50,1,MR,English,,,
FBM,EBIS,EBIS3073,Decision Support and Business Intelligence Systems (1001),3,Dr. May Ying WANG,Wed 10:00-11:50,2,ME,English,,,
FBM,EBIS,EBIS3073,Decision Support and Business Intelligence Systems (1001),3,Dr. May Ying WANG,Thu 9:00-9:50,1,ME,English,,,
FBM,EBIS,EBIS3113,Business Forecasting and Machine Learning (1002),3,Dr. Shilei LI,Tue 10:00-11:50,2,FE,English,,,
FBM,EBIS,EBIS3113,Business Forecasting and Machine Learning (1002),3,Dr. Shilei LI,Thu 17:00-17:50,1,FE,English,,,
FBM,EBIS,EBIS3113,Business Forecasting and Machine Learning (1001),3,Dr. Shilei LI,Tue 10:00-11:50,2,ME,English,,,
FBM,EBIS,EBIS3113,Business Forecasting and Machine Learning (1001),3,Dr. Shilei LI,Thu 17:00-17:50,1,ME,English,,,
FBM,EBIS,EBIS4043,Big Data Analysis and Applications (1002),3,Dr. Sangwook HA,Mon 10:00-11:50,2,FE,English,,,
FBM,EBIS,EBIS4043,Big Data Analysis and Applications (1002),3,Dr. Sangwook HA,Wed 13:00-13:50,1,FE,English,,,
FBM,EBIS,EBIS4043,Big Data Analysis and Applications (1001),3,Dr. Sangwook HA,Mon 10:00-11:50,2,ME,English,,,
FBM,EBIS,EBIS4043,Big Data Analysis and Applications (1001),3,Dr. Sangwook HA,Wed 13:00-13:50,1,ME,English,,,
FBM,EPIN,EPIN3003,Managing New Business (1001),3,Dr. Arif MAHMOOD,Mon 15:00-16:50,2,MR,English,,,
FBM,EPIN,EPIN3003,Managing New Business (1001),3,Dr. Arif MAHMOOD,Wed 10:00-10:50,1,MR,English,,,
FBM,EPIN,EPIN3013,Entrepreneurial Finance (1001),3,Prof. Andy Luchuan LIU,Thu 10:00-11:50,2,MR,English,,,
FBM,EPIN,EPIN3013,Entrepreneurial Finance (1001),3,Prof. Andy Luchuan LIU,Fri 15:00-15:50,1,MR,English,,,
FBM,EPIN,EPIN3043,New Product and Innovation Management (1001),3,Dr. Amber Yu CHANG,Wed 10:00-11:50,2,ME,English,,,
FBM,EPIN,EPIN3043,New Product and Innovation Management (1001),3,Dr. Amber Yu CHANG,Mon 16:00-16:50,1,ME,English,,,
FBM,EPIN,EPIN4013,Global and Social Entrepreneurship (1002),3,Dr. Arif MAHMOOD,Fri 8:00-9:50,2,FE,English,,,
FBM,EPIN,EPIN4013,Global and Social Entrepreneurship (1002),3,Dr. Arif MAHMOOD,Tue 14:00-14:50,1,FE,English,,,
FBM,EPIN,EPIN4013,Global and Social Entrepreneurship (1001),3,Dr. Arif MAHMOOD,Fri 8:00-9:50,2,ME,English,,,
FBM,EPIN,EPIN4013,Global and Social Entrepreneurship (1001),3,Dr. Arif MAHMOOD,Tue 14:00-14:50,1,ME,English,,,
FBM,EPIN,EPIN4023,Entrepreneurial Internship (1001),3,Prof. Shawn Shaolong TANG,Tue 16:00-17:50,2,ME,English,,,
FBM,FIN,FIN2013,Financial Planning and Investment Analysis (1004),3,Dr. Ting HE,Thu 9:00-10:50,2,FE,English,,,
FBM,FIN,FIN2013,Financial Planning and Investment Analysis (1004),3,Dr. Ting HE,Mon 11:00-11:50,1,FE,English,,,
FBM,FIN,FIN2013,Financial Planning and Investment Analysis (1005),3,Dr. Jacqueline Wenjie WANG,Tue 10:00-11:50,2,FE,English,,,
FBM,FIN,FIN2013,Financial Planning and Investment Analysis (1005),3,Dr. Jacqueline Wenjie WANG,Thu 16:00-16:50,1,FE,English,,,
FBM,FIN,FIN2013,Financial Planning and Investment Analysis (1001),3,Dr. Lei ZHAO,Mon 9:00-10:50,2,ME,English,,,
FBM,FIN,FIN2013,Financial Planning and Investment Analysis (1001),3,Dr. Lei ZHAO,Wed 13:00-13:50,1,ME,English,,,
FBM,FIN,FIN2013,Financial Planning and Investment Analysis (1002),3,Dr. Ting HE,Thu 9:00-10:50,2,ME,English,,,
FBM,FIN,FIN2013,Financial Planning and Investment Analysis (1002),3,Dr. Ting HE,Mon 11:00-11:50,1,ME,English,,,
FBM,FIN,FIN2013,Financial Planning and Investment Analysis (1003),3,Dr. Jacqueline Wenjie WANG,Tue 10:00-11:50,2,ME,English,,,
FBM,FIN,FIN2013,Financial Planning and Investment Analysis (1003),3,Dr. Jacqueline Wenjie WANG,Thu 16:00-16:50,1,ME,English,,,
FBM,FIN,FIN2023,Financial Management (1001),3,Dr. Ting HE,Mon 15:00-16:50,2,MR,English,,,
FBM,FIN,FIN2023,Financial Management (1001),3,Dr. Ting HE,Tue 17:00-17:50,1,MR,English,,,
FBM,FIN,FIN2023,Financial Management (1002),3,Dr. Tiger He XIAO,Fri 15:00-16:50,2,MR,English,,,
FBM,FIN,FIN2023,Financial Management (1002),3,Dr. Tiger He XIAO,Thu 9:00-9:50,1,MR,English,,,
FBM,FIN,FIN2023,Financial Management (1003),3,Dr. Yaohua QIN,Fri 8:00-9:50,2,MR,English,,,
FBM,FIN,FIN2023,Financial Management (1003),3,Dr. Yaohua QIN,Thu 11:00-11:50,1,MR,English,,,
FBM,FIN,FIN2023,Financial Management (1004),3,Dr. Elaine Ling XIN,Fri 13:00-14:50,2,MR,English,,,
FBM,FIN,FIN2023,Financial Management (1004),3,Dr. Elaine Ling XIN,Mon 8:00-8:50,1,MR,English,,,
FBM,FIN,FIN2023,Financial Management (1005),3,Dr. Mao LI,Thu 10:00-11:50,2,MR,English,,,
FBM,FIN,FIN2023,Financial Management (1005),3,Dr. Mao LI,Tue 17:00-17:50,1,MR,English,,,
FBM,FIN,FIN2023,Financial Management (1006),3,FIN New Teacher 1,Thu 10:00-11:50,2,MR,English,,,
FBM,FIN,FIN2023,Financial Management (1006),3,FIN New Teacher 1,Fri 13:00-13:50,1,MR,English,,,
FBM,FIN,FIN2023,Financial Management (1007),3,Dr. Lei ZHAO,Thu 8:00-9:50,2,MR,English,,,
FBM,FIN,FIN2023,Financial Management (1007),3,Dr. Lei ZHAO,Fri 17:00-17:50,1,MR,English,,,
FBM,FIN,FIN2023,Financial Management (1008),3,Dr. Jacqueline Wenjie WANG,Thu 9:00-10:50,2,MR,English,,,
FBM,FIN,FIN2023,Financial Management (1008),3,Dr. Jacqueline Wenjie WANG,Wed 9:00-9:50,1,MR,English,,,
FBM,FIN,FIN2023,Financial Management (1009),3,Dr. Jingya LI,Wed 8:00-9:50,2,MR,English,,,
FBM,FIN,FIN2023,Financial Management (1009),3,Dr. Jingya LI,Mon 10:00-10:50,1,MR,English,,,
FBM,FIN,FIN3003,Banking and Credit (1001),3,Dr. Mao LI,Mon 9:00-10:50,2,ME,English,,,
FBM,FIN,FIN3003,Banking and Credit (1001),3,Dr. Mao LI,Wed 13:00-13:50,1,ME,English,,,
FBM,FIN,FIN3003,Banking and Credit (1002),3,Dr. Mao LI,Tue 8:00-9:50,2,FE,English,,,
FBM,FIN,FIN3003,Banking and Credit (1002),3,Dr. Mao LI,Thu 13:00-13:50,1,FE,English,,,
FBM,FIN,FIN3023,Fixed Income Securities (1001),3,Dr. Ting HE,Mon 9:00-10:50,2,ME,English,,,
FBM,FIN,FIN3023,Fixed Income Securities (1001),3,Dr. Ting HE,Wed 13:00-13:50,1,ME,English,,,
FBM,FIN,FIN3043,Investment Management (1003),3,Dr. Jacqueline Wenjie WANG,Fri 10:00-11:50,2,FE,English,,,
FBM,FIN,FIN3043,Investment Management (1003),3,Dr. Jacqueline Wenjie WANG,Tue 13:00-13:50,1,FE,English,,,
FBM,FIN,FIN3043,Investment Management (1001),3,Dr. Elaine Ling XIN,Fri 15:00-16:50,2,MR,English,,,
FBM,FIN,FIN3043,Investment Management (1001),3,Dr. Elaine Ling XIN,Tue 14:00-14:50,1,MR,English,,,
FBM,FIN,FIN3043,Investment Management (1002),3,Dr. Yaohua QIN,Tue 15:00-16:50,2,MR,English,,,
FBM,FIN,FIN3043,Investment Management (1002),3,Dr. Yaohua QIN,Fri 15:00-15:50,1,MR,English,,,
FBM,FIN,FIN3053,Multinational Finance (1001),3,Dr. Lei ZHAO,Fri 8:00-9:50,2,ME,English,,,
FBM,FIN,FIN3053,Multinational Finance (1001),3,Dr. Lei ZHAO,Wed 10:00-10:50,1,ME,English,,,
FBM,FIN,FIN3073,Financial Mathematics (1006),3,Dr. Elaine Ling XIN,Mon 13:00-14:50,2,FE,English,,,
FBM,FIN,FIN3073,Financial Mathematics (1006),3,Dr. Elaine Ling XIN,Thu 14:00-14:50,1,FE,English,,,
FBM,FIN,FIN3073,Financial Mathematics (1005),3,Dr. Tao HUANG,Wed 9:00-10:50,2,MR,English,,,
FBM,FIN,FIN3073,Financial Mathematics (1005),3,Dr. Tao HUANG,Fri 14:00-14:50,1,MR,English,,,
FBM,FIN,FIN3093,Corporate Finance (1001),3,Dr. Tiger He XIAO,Mon 13:00-14:50,2,FE,English,,,
FBM,FIN,FIN3093,Corporate Finance (1001),3,Dr. Tiger He XIAO,Thu 14:00-14:50,1,FE,English,,,
FBM,FIN,FIN4013,Financial Forecasting (1001),3,FIN New Teacher 1,Tue 14:00-15:50,2,ME,English,,,
FBM,FIN,FIN4013,Financial Forecasting (1001),3,FIN New Teacher 1,Fri 14:00-14:50,1,ME,English,,,
FBM,FIN,FIN4023,Financial Risk Management (1001),3,Dr. Tao HUANG,Tue 16:00-17:50,2,ME,English,,,
FBM,FIN,FIN4023,Financial Risk Management (1001),3,Dr. Tao HUANG,Wed 11:00-11:50,1,ME,English,,,
FBM,FIN,FIN4043,Business Valuation (1002),3,Dr. Jingya LI,Thu 9:00-10:50,2,FE,English,,,
FBM,FIN,FIN4043,Business Valuation (1002),3,Dr. Jingya LI,Mon 11:00-11:50,1,FE,English,,,
FBM,FIN,FIN4043,Business Valuation (1001),3,Dr. Jingya LI,Thu 9:00-10:50,2,ME,English,,,
FBM,FIN,FIN4043,Business Valuation (1001),3,Dr. Jingya LI,Mon 11:00-11:50,1,ME,English,,,
FBM,FIN,FIN4063,Finance Internship (1001),3,Dr. Minyu WU,Tue 10:00-11:50,2,ME,English,,,
FBM,GMT,BUS1013,"Business, Entrepreneurship, and Innovation (1007)",3,Dr. Angela Kit Fong MA,Mon 13:00-14:50,2,FE,English,,,
FBM,GMT,BUS1013,"Business, Entrepreneurship, and Innovation (1007)",3,Dr. Angela Kit Fong MA,Thu 14:00-14:50,1,FE,English,,,
FBM,GMT,BUS1013,"Business, Entrepreneurship, and Innovation (1001)",3,Dr. Karen Yoon Fah LEE,Mon 16:00-17:50,2,MR,English,,,
FBM,GMT,BUS1013,"Business, Entrepreneurship, and Innovation (1001)",3,Dr. Karen Yoon Fah LEE,Thu 15:00-15:50,1,MR,English,,,
FBM,GMT,BUS1013,"Business, Entrepreneurship, and Innovation (1002)",3,Dr. Thomas King-Ha WU,Mon 8:00-9:50,2,MR,English,,,
FBM,GMT,BUS1013,"Business, Entrepreneurship, and Innovation (1002)",3,Dr. Thomas King-Ha WU,Mon 13:00-13:50,1,MR,English,,,
FBM,GMT,BUS1013,"Business, Entrepreneurship, and Innovation (1003)",3,Dr. Amber Yu CHANG,Thu 10:00-11:50,2,MR,English,,,
FBM,GMT,BUS1013,"Business, Entrepreneurship, and Innovation (1003)",3,Dr. Amber Yu CHANG,Mon 8:00-8:50,1,MR,English,,,
FBM,GMT,BUS1013,"Business, Entrepreneurship, and Innovation (1004)",3,Dr. Hendrik Lodewyk APPELGRYN,Thu 13:00-14:50,2,MR,English,,,
FBM,GMT,BUS1013,"Business, Entrepreneurship, and Innovation (1004)",3,Dr. Hendrik Lodewyk APPELGRYN,Wed 13:00-13:50,1,MR,English,,,
FBM,GMT,BUS1013,"Business, Entrepreneurship, and Innovation (1005)",3,Dr. Hendrik Lodewyk APPELGRYN,Fri 13:00-14:50,2,MR,English,,,
FBM,GMT,BUS1013,"Business, Entrepreneurship, and Innovation (1005)",3,Dr. Hendrik Lodewyk APPELGRYN,Wed 9:00-9:50,1,MR,English,,,
FBM,GMT,BUS1013,"Business, Entrepreneurship, and Innovation (1006)",3,Dr. Hendrik Lodewyk APPELGRYN,Mon 8:00-9:50,2,MR,English,,,
FBM,GMT,BUS1013,"Business, Entrepreneurship, and Innovation (1006)",3,Dr. Hendrik Lodewyk APPELGRYN,Thu 16:00-16:50,1,MR,English,,,
FBM,GMT,BUS2003,Organisational Behaviour (1001),3,Dr. Cecilia Xiya ZHANG,Mon 9:00-10:50,2,MR,English,,,
FBM,GMT,BUS2003,Organisational Behaviour (1001),3,Dr. Cecilia Xiya ZHANG,Thu 15:00-15:50,1,MR,English,,,
FBM,GMT,BUS2003,Organisational Behaviour (1002),3,Dr. Chenguang HU,Tue 14:00-15:50,2,MR,English,,,
FBM,GMT,BUS2003,Organisational Behaviour (1002),3,Dr. Chenguang HU,Thu 15:00-15:50,1,MR,English,,,
FBM,GMT,BUS2003,Organisational Behaviour (1003),3,Dr. Shujun WANG,Mon 16:00-17:50,2,MR,English,,,
FBM,GMT,BUS2003,Organisational Behaviour (1003),3,Dr. Shujun WANG,Wed 11:00-11:50,1,MR,English,,,
FBM,GMT,BUS2003,Organisational Behaviour (1004),3,Dr. Caroline Xiaojing LU,Wed 9:00-10:50,2,MR,English,,,
FBM,GMT,BUS2003,Organisational Behaviour (1004),3,Dr. Caroline Xiaojing LU,Fri 16:00-16:50,1,MR,English,,,
FBM,GMT,BUS2003,Organisational Behaviour (1005),3,Mr. Sebastian Jacques Manuel BOO,Mon 8:00-9:50,2,MR,English,,,
FBM,GMT,BUS2003,Organisational Behaviour (1005),3,Mr. Sebastian Jacques Manuel BOO,Wed 13:00-13:50,1,MR,English,,,
FBM,GMT,BUS2003,Organisational Behaviour (1006),3,Dr. Sujie PENG,Fri 13:00-14:50,2,MR,English,,,
FBM,GMT,BUS2003,Organisational Behaviour (1006),3,Dr. Sujie PENG,Thu 9:00-9:50,1,MR,English,,,
FBM,GMT,BUS2003,Organisational Behaviour (1007),3,Dr. Jane Jieying XU,Wed 10:00-11:50,2,MR,English,,,
FBM,GMT,BUS2003,Organisational Behaviour (1007),3,Dr. Jane Jieying XU,Tue 17:00-17:50,1,MR,English,,,
FBM,GMT,BUS2003,Organisational Behaviour (1008),3,Dr. Mengmeng LIU,Wed 8:00-9:50,2,MR,English,,,
FBM,GMT,BUS2003,Organisational Behaviour (1008),3,Dr. Mengmeng LIU,Fri 9:00-9:50,1,MR,English,,,
FBM,GMT,BUS2003,Organisational Behaviour (1009),3,Dr. Rita Lai-Ying CHAN,Tue 16:00-17:50,2,MR,English,,,
FBM,GMT,BUS2003,Organisational Behaviour (1009),3,Dr. Rita Lai-Ying CHAN,Fri 9:00-9:50,1,MR,English,,,
FBM,GMT,BUS2003,Organisational Behaviour (1010),3,Dr. Jiamin TAN,Mon 10:00-11:50,2,MR,English,,,
FBM,GMT,BUS2003,Organisational Behaviour (1010),3,Dr. Jiamin TAN,Fri 13:00-13:50,1,MR,English,,,
FBM,GMT,BUS2003,Organisational Behaviour (1011),3,Dr. Jenny Shujuan XIAO,Fri 16:00-17:50,2,MR,English,,,
FBM,GMT,BUS2003,Organisational Behaviour (1011),3,Dr. Jenny Shujuan XIAO,Tue 16:00-16:50,1,MR,English,,,
FBM,GMT,BUS2043,Principles of Management (1001),3,Dr. Karen Yoon Fah LEE,Mon 13:00-14:50,2,FE,English,,,
FBM,GMT,BUS2043,Principles of Management (1001),3,Dr. Karen Yoon Fah LEE,Thu 14:00-14:50,1,FE,English,,,
FBM,GMT,BUS3003,Business Communications (1001),3,Dr. Angela Kit Fong MA,Tue 15:00-16:50,2,MR,English,,,
FBM,GMT,BUS3003,Business Communications (1001),3,Dr. Angela Kit Fong MA,Thu 15:00-15:50,1,MR,English,,,
FBM,GMT,BUS3003,Business Communications (1002),3,Mr. Sebastian Jacques Manuel BOO,Wed 8:00-9:50,2,MR,English,,,
FBM,GMT,BUS3003,Business Communications (1002),3,Mr. Sebastian Jacques Manuel BOO,Mon 15:00-15:50,1,MR,English,,,
FBM,GMT,BUS3003,Business Communications (1003),3,Dr. Ki Ho JUN,Thu 9:00-10:50,2,MR,English,,,
FBM,GMT,BUS3003,Business Communications (1003),3,Dr. Ki Ho JUN,Tue 11:00-11:50,1,MR,English,,,
FBM,GMT,BUS3003,Business Communications (1004),3,Dr. Shujun WANG,Mon 10:00-11:50,2,MR,English,,,
FBM,GMT,BUS3003,Business Communications (1004),3,Dr. Shujun WANG,Wed 13:00-13:50,1,MR,English,,,
FBM,GMT,BUS3003,Business Communications (1005),3,Dr. Mengmeng LIU,Fri 15:00-16:50,2,MR,English,,,
FBM,GMT,BUS3003,Business Communications (1005),3,Dr. Mengmeng LIU,Thu 9:00-9:50,1,MR,English,,,
FBM,GMT,BUS3003,Business Communications (1006),3,Ms. Claudia Sau King CHOW,Fri 13:00-14:50,2,MR,English,,,
FBM,GMT,BUS3003,Business Communications (1006),3,Ms. Claudia Sau King CHOW,Wed 13:00-13:50,1,MR,English,,,
FBM,GMT,BUS3003,Business Communications (1007),3,Dr. Hendrik Lodewyk APPELGRYN,Mon 16:00-17:50,2,MR,English,,,
FBM,GMT,BUS3003,Business Communications (1007),3,Dr. Hendrik Lodewyk APPELGRYN,Thu 9:00-9:50,1,MR,English,,,
FBM,GMT,BUS3023,Business Research Methods (1001),3,Dr. Mao LI,Wed 8:00-9:50,2,MR,English,,,
FBM,GMT,BUS3023,Business Research Methods (1001),3,Dr. Mao LI,Mon 17:00-17:50,1,MR,English,,,
FBM,GMT,BUS3023,Business Research Methods (1002),3,Dr. Jingya LI,Fri 16:00-17:50,2,MR,English,,,
FBM,GMT,BUS3023,Business Research Methods (1002),3,Dr. Jingya LI,Thu 17:00-17:50,1,MR,English,,,
FBM,GMT,BUS3023,Business Research Methods (1003),3,Mr. Ning XIAO,Fri 13:00-14:50,2,MR,English,,,
FBM,GMT,BUS3023,Business Research Methods (1003),3,Mr. Ning XIAO,Mon 8:00-8:50,1,MR,English,,,
FBM,GMT,BUS3023,Business Research Methods (1004),3,Dr. Ellen Shuo SHAN,Tue 16:00-17:50,2,MR,English,,,
FBM,GMT,BUS3023,Business Research Methods (1004),3,Dr. Ellen Shuo SHAN,Thu 15:00-15:50,1,MR,English,,,
FBM,GMT,BUS3023,Business Research Methods (1005),3,Dr. Don Junyi CHAI,Mon 20:00-21:50,2,MR,English,,,
FBM,GMT,BUS3023,Business Research Methods (1005),3,Dr. Don Junyi CHAI,Mon 19:00-19:50,1,MR,English,,,
FBM,GMT,BUS3023,Business Research Methods (1006),3,Dr. Ki Ho JUN,Mon 16:00-17:50,2,MR,English,,,
FBM,GMT,BUS3023,Business Research Methods (1006),3,Dr. Ki Ho JUN,Tue 17:00-17:50,1,MR,English,,,
FBM,GMT,BUS3023,Business Research Methods (1007),3,Dr. Jane Jieying XU,Tue 14:00-15:50,2,MR,English,,,
FBM,GMT,BUS3023,Business Research Methods (1007),3,Dr. Jane Jieying XU,Mon 15:00-15:50,1,MR,English,,,
FBM,GMT,BUS3023,Business Research Methods (1008),3,Dr. Qixing LI,Wed 8:00-9:50,2,MR,English,,,
FBM,GMT,BUS3023,Business Research Methods (1008),3,Dr. Qixing LI,Thu 15:00-15:50,1,MR,English,,,
FBM,GMT,BUS4013,Strategic Management (1001),3,Dr. I-chun YANG,Mon 8:00-9:50,2,MR,English,,,
FBM,GMT,BUS4013,Strategic Management (1001),3,Dr. I-chun YANG,Fri 17:00-17:50,1,MR,English,,,
FBM,GMT,BUS4013,Strategic Management (1002),3,Dr. Caroline Xiaojing LU,Mon 9:00-10:50,2,MR,English,,,
FBM,GMT,BUS4013,Strategic Management (1002),3,Dr. Caroline Xiaojing LU,Thu 17:00-17:50,1,MR,English,,,
FBM,GMT,BUS4013,Strategic Management (1003),3,Dr. Caroline Xiaojing LU,Fri 8:00-9:50,2,MR,English,,,
FBM,GMT,BUS4013,Strategic Management (1003),3,Dr. Caroline Xiaojing LU,Mon 8:00-8:50,1,MR,English,,,
FBM,GMT,BUS4013,Strategic Management (1004),3,Dr. Caroline Xiaojing LU,Thu 15:00-16:50,2,MR,English,,,
FBM,GMT,BUS4013,Strategic Management (1004),3,Dr. Caroline Xiaojing LU,Wed 11:00-11:50,1,MR,English,,,
FBM,GMT,BUS4013,Strategic Management (1005),3,Mr. Sebastian Jacques Manuel BOO,Thu 15:00-16:50,2,MR,English,,,
FBM,GMT,BUS4013,Strategic Management (1005),3,Mr. Sebastian Jacques Manuel BOO,Mon 17:00-17:50,1,MR,English,,,
FBM,GMT,BUS4013,Strategic Management (1006),3,Dr. Yue WU,Mon 16:00-17:50,2,MR,English,,,
FBM,GMT,BUS4013,Strategic Management (1006),3,Dr. Yue WU,Wed 9:00-9:50,1,MR,English,,,
FBM,GMT,BUS4013,Strategic Management (1007),3,Ms. Claudia Sau King CHOW,Fri 15:00-16:50,2,MR,English,,,
FBM,GMT,BUS4013,Strategic Management (1007),3,Ms. Claudia Sau King CHOW,Mon 8:00-8:50,1,MR,English,,,
FBM,GMT,BUS4013,Strategic Management (1008),3,Ms. Claudia Sau King CHOW,Mon 15:00-16:50,2,MR,English,,,
FBM,GMT,BUS4013,Strategic Management (1008),3,Ms. Claudia Sau King CHOW,Wed 9:00-9:50,1,MR,English,,,
FBM,GMT,BUS4013,Strategic Management (1009),3,Ms. Claudia Sau King CHOW,Tue 16:00-17:50,2,MR,English,,,
FBM,GMT,BUS4013,Strategic Management (1009),3,Ms. Claudia Sau King CHOW,Mon 17:00-17:50,1,MR,English,,,
FBM,GMT,BUS4013,Strategic Management (1010),3,Dr. Angela Kit Fong MA,Tue 10:00-11:50,2,MR,English,,,
FBM,GMT,BUS4013,Strategic Management (1010),3,Dr. Angela Kit Fong MA,Mon 17:00-17:50,1,MR,English,,,
FBM,GMT,BUS4013,Strategic Management (1011),3,Dr. Yue WU,Tue 10:00-11:50,2,MR,English,,,
FBM,GMT,BUS4013,Strategic Management (1011),3,Dr. Yue WU,Wed 8:00-8:50,1,MR,English,,,
FBM,GMT,BUS4013,Strategic Management (1012),3,Dr. Bing CHAN,Fri 13:00-14:50,2,MR,English,,,
FBM,GMT,BUS4013,Strategic Management (1012),3,Dr. Bing CHAN,Fri 15:00-15:50,1,MR,English,,,
FBM,GMT,BUS4013,Strategic Management (1013),3,Dr. Shuchan LUO,Mon 16:00-17:50,2,MR,English,,,
FBM,GMT,BUS4013,Strategic Management (1013),3,Dr. Shuchan LUO,Tue 16:00-16:50,1,MR,English,,,
FBM,GMT,BUS4013,Strategic Management (1014),3,Dr. Karen Yoon Fah LEE,Wed 9:00-10:50,2,MR,English,,,
FBM,GMT,BUS4013,Strategic Management (1014),3,Dr. Karen Yoon Fah LEE,Fri 17:00-17:50,1,MR,English,,,
FBM,GMT,BUS4013,Strategic Management (1015),3,Dr. Amber Yu CHANG,Thu 16:00-17:50,2,MR,English,,,
FBM,GMT,BUS4013,Strategic Management (1015),3,Dr. Amber Yu CHANG,Tue 15:00-15:50,1,MR,English,,,
FBM,GMT,BUS4013,Strategic Management (1016),3,Dr. Joao Pedro PIRES DOS REIS MURALHA DELGADO,Fri 13:00-14:50,2,MR,English,,,
FBM,GMT,BUS4013,Strategic Management (1016),3,Dr. Joao Pedro PIRES DOS REIS MURALHA DELGADO,Thu 8:00-8:50,1,MR,English,,,
FBM,GMT,BUS4063,International Business (1001),3,Dr. Chenguang HU,Tue 8:00-9:50,2,FE,English,,,
FBM,GMT,BUS4063,International Business (1001),3,Dr. Chenguang HU,Thu 13:00-13:50,1,FE,English,,,
FBM,GMT,GCAP3213,Service Leadership: Promoting a Better World (1001),3,Dr. Jiamin TAN,Fri 8:00-9:50,2,GE2021,English,,,
FBM,GMT,GCAP3213,Service Leadership: Promoting a Better World (1001),3,Dr. Jiamin TAN,Thu 10:00-10:50,1,GE2021,English,,,
FBM,GMT,GCAP3213,Service Leadership: Promoting a Better World (1002),3,Dr. I-chun YANG,Mon 15:00-16:50,2,GE2021,English,,,
FBM,GMT,GCAP3213,Service Leadership: Promoting a Better World (1002),3,Dr. I-chun YANG,Wed 11:00-11:50,1,GE2021,English,,,
FBM,GMT,GCAP3213,Service Leadership: Promoting a Better World (1003),3,Dr. Rita Lai-Ying CHAN,Fri 13:00-14:50,2,GE2021,English,,,
FBM,GMT,GCAP3213,Service Leadership: Promoting a Better World (1003),3,Dr. Rita Lai-Ying CHAN,Tue 14:00-14:50,1,GE2021,English,,,
FBM,GMT,GCAP3213,Service Leadership: Promoting a Better World (1004),3,Mr. Ning XIAO,Thu 16:00-17:50,2,GE2021,English,,,
FBM,GMT,GCAP3213,Service Leadership: Promoting a Better World (1004),3,Mr. Ning XIAO,Tue 10:00-10:50,1,GE2021,English,,,
FBM,GMT,GCAP3213,Service Leadership: Promoting a Better World (1005),3,Dr. Thomas King-Ha WU,Mon 15:00-16:50,2,GE2021,English,,,
FBM,GMT,GCAP3213,Service Leadership: Promoting a Better World (1005),3,Dr. Thomas King-Ha WU,Mon 17:00-17:50,1,GE2021,English,,,
FBM,GMT,GFVM1003,Business Ethics and Corporate Social Responsibility (1001),3,Dr. Uchenna Cyril EZE,Fri 8:00-9:50,2,GE2021,English,,,
FBM,GMT,GFVM1003,Business Ethics and Corporate Social Responsibility (1001),3,Dr. Uchenna Cyril EZE,Mon 19:00-19:50,1,GE2021,English,,,
FBM,GMT,GFVM1003,Business Ethics and Corporate Social Responsibility (1002),3,Dr. Jenny Shujuan XIAO,Wed 8:00-9:50,2,GE2021,English,,,
FBM,GMT,GFVM1003,Business Ethics and Corporate Social Responsibility (1002),3,Dr. Jenny Shujuan XIAO,Fri 9:00-9:50,1,GE2021,English,,,
FBM,GMT,GFVM1003,Business Ethics and Corporate Social Responsibility (1003),3,Dr. Youssef EL HAOUSSINE,Fri 10:00-11:50,2,GE2021,English,,,
FBM,GMT,GFVM1003,Business Ethics and Corporate Social Responsibility (1003),3,Dr. Youssef EL HAOUSSINE,Wed 8:00-8:50,1,GE2021,English,,,
FBM,GMT,GFVM1003,Business Ethics and Corporate Social Responsibility (1004),3,Dr. Qixing LI,Fri 10:00-11:50,2,GE2021,English,,,
FBM,GMT,GFVM1003,Business Ethics and Corporate Social Responsibility (1004),3,Dr. Qixing LI,Tue 9:00-9:50,1,GE2021,English,,,
FBM,GMT,GFVM1003,Business Ethics and Corporate Social Responsibility (1005),3,Dr. Shujun WANG,Fri 10:00-11:50,2,GE2021,English,,,
FBM,GMT,GFVM1003,Business Ethics and Corporate Social Responsibility (1005),3,Dr. Shujun WANG,Wed 8:00-8:50,1,GE2021,English,,,
FBM,GMT,GFVM1003,Business Ethics and Corporate Social Responsibility (1006),3,Dr. Joao Pedro PIRES DOS REIS MURALHA DELGADO,Fri 10:00-11:50,2,GE2021,English,,,
FBM,GMT,GFVM1003,Business Ethics and Corporate Social Responsibility (1006),3,Dr. Joao Pedro PIRES DOS REIS MURALHA DELGADO,Tue 13:00-13:50,1,GE2021,English,,,
FBM,GMT,GFVM1003,Business Ethics and Corporate Social Responsibility (1007),3,Dr. Joao Pedro PIRES DOS REIS MURALHA DELGADO,Thu 13:00-14:50,2,GE2021,English,,,
FBM,GMT,GFVM1003,Business Ethics and Corporate Social Responsibility (1007),3,Dr. Joao Pedro PIRES DOS REIS MURALHA DELGADO,Mon 14:00-14:50,1,GE2021,English,,,
FBM,GMT,GFVM1003,Business Ethics and Corporate Social Responsibility (1008),3,Mr. Sebastian Jacques Manuel BOO,Mon 13:00-14:50,2,GE2021,English,,,
FBM,GMT,GFVM1003,Business Ethics and Corporate Social Responsibility (1008),3,Mr. Sebastian Jacques Manuel BOO,Thu 13:00-13:50,1,GE2021,English,,,
FBM,GMT,GTCU2043,Corporate Sustainability and Industry Innovation (1001),3,Dr. Ki Ho JUN,Mon 13:00-14:50,2,GE2021,English,,,
FBM,GMT,GTCU2043,Corporate Sustainability and Industry Innovation (1001),3,Dr. Ki Ho JUN,Thu 14:00-14:50,1,GE2021,English,,,
FBM,GMT,GTCU2043,Corporate Sustainability and Industry Innovation (1002),3,Dr. Jenny Shujuan XIAO,Fri 10:00-11:50,2,GE2021,English,,,
FBM,GMT,GTCU2043,Corporate Sustainability and Industry Innovation (1002),3,Dr. Jenny Shujuan XIAO,Tue 13:00-13:50,1,GE2021,English,,,
FBM,GMT,GTCU2043,Corporate Sustainability and Industry Innovation (1003),3,Dr. Sujie PENG,Tue 8:00-9:50,2,GE2021,English,,,
FBM,GMT,GTCU2043,Corporate Sustainability and Industry Innovation (1003),3,Dr. Sujie PENG,Thu 13:00-13:50,1,GE2021,English,,,
FBM,GMT,GTCU2043,Corporate Sustainability and Industry Innovation (1004),3,Dr. Sujie PENG,Mon 13:00-14:50,2,GE2021,English,,,
FBM,GMT,GTCU2043,Corporate Sustainability and Industry Innovation (1004),3,Dr. Sujie PENG,Thu 14:00-14:50,1,GE2021,English,,,
FBM,GMT,GTCU2043,Corporate Sustainability and Industry Innovation (1005),3,Dr. Arif MAHMOOD,Fri 10:00-11:50,2,GE2021,English,,,
FBM,GMT,GTCU2043,Corporate Sustainability and Industry Innovation (1005),3,Dr. Arif MAHMOOD,Tue 13:00-13:50,1,GE2021,English,,,
FBM,GMT,GTSC2133,Artificial Intelligence (AI) in Business (1001),3,Dr. Donald Weston HARPER,Tue 8:00-9:50,2,GE2021,English,,,
FBM,GMT,GTSC2133,Artificial Intelligence (AI) in Business (1001),3,Dr. Donald Weston HARPER,Thu 13:00-13:50,1,GE2021,English,,,
FBM,GMT,GTSU2003,Green Supply Chain Management (1001),3,Dr. Ellen Shuo SHAN,Tue 8:00-9:50,2,GE2021,English,,,
FBM,GMT,GTSU2003,Green Supply Chain Management (1001),3,Dr. Ellen Shuo SHAN,Thu 13:00-13:50,1,GE2021,English,,,
FBM,GMT,GTSU2003,Green Supply Chain Management (1002),3,Dr. Sujie PENG,Fri 10:00-11:50,2,GE2021,English,,,
FBM,GMT,GTSU2003,Green Supply Chain Management (1002),3,Dr. Sujie PENG,Tue 13:00-13:50,1,GE2021,English,,,
FBM,GMT,GTSU2003,Green Supply Chain Management (1003),3,Dr. Uchenna Cyril EZE,Mon 13:00-14:50,2,GE2021,English,,,
FBM,GMT,GTSU2003,Green Supply Chain Management (1003),3,Dr. Uchenna Cyril EZE,Thu 14:00-14:50,1,GE2021,English,,,
FBM,GMT,GTSU2003,Green Supply Chain Management (1004),3,Dr. Youssef EL HAOUSSINE,Tue 8:00-9:50,2,GE2021,English,,,
FBM,GMT,GTSU2003,Green Supply Chain Management (1004),3,Dr. Youssef EL HAOUSSINE,Thu 13:00-13:50,1,GE2021,English,,,
FBM,GMT,GTSU2003,Green Supply Chain Management (1005),3,Dr. Zoey Yi XIAO,Mon 13:00-14:50,2,GE2021,English,,,
FBM,GMT,GTSU2003,Green Supply Chain Management (1005),3,Dr. Zoey Yi XIAO,Thu 14:00-14:50,1,GE2021,English,,,
FBM,MHR,BUS4033,Business Internship and Human Resource Management Mentoring (1001),3,Dr. ZheHua HU,Mon 15:00-16:50,2,ME,English,,,
FBM,MHR,BUS4043,Cross-Cultural and Comparative Management (1001),3,Dr. ZheHua HU,Fri 10:00-11:50,2,FE,English,,,
FBM,MHR,BUS4043,Cross-Cultural and Comparative Management (1001),3,Dr. ZheHua HU,Tue 13:00-13:50,1,FE,English,,,
FBM,MHR,MHR3003,Human Resource Management (1001),3,Dr. Jane Jieying XU,Fri 10:00-11:50,2,FE,English,,,
FBM,MHR,MHR3003,Human Resource Management (1001),3,Dr. Jane Jieying XU,Tue 13:00-13:50,1,FE,English,,,
FBM,MHR,MHR3023,Recruitment and Selection (1001),3,Mr. Ning XIAO,Fri 16:00-17:50,2,MR,English,,,
FBM,MHR,MHR3023,Recruitment and Selection (1001),3,Mr. Ning XIAO,Thu 11:00-11:50,1,MR,English,,,
FBM,MHR,MHR3043,Labour Relations and Law (1001),3,Dr. Rita Lai-Ying CHAN,Thu 16:00-17:50,2,MR,English,,,
FBM,MHR,MHR3043,Labour Relations and Law (1001),3,Dr. Rita Lai-Ying CHAN,Wed 11:00-11:50,1,MR,English,,,
FBM,MHR,MHR3083,Predictive Human Resource Analytics (1002),3,Dr. Jiamin TAN,Tue 10:00-11:50,2,FE,English,,,
FBM,MHR,MHR3083,Predictive Human Resource Analytics (1002),3,Dr. Jiamin TAN,Thu 11:00-11:50,1,FE,English,,,
FBM,MHR,MHR3083,Predictive Human Resource Analytics (1001),3,Dr. Jiamin TAN,Tue 10:00-11:50,2,ME,English,,,
FBM,MHR,MHR3083,Predictive Human Resource Analytics (1001),3,Dr. Jiamin TAN,Thu 11:00-11:50,1,ME,English,,,
FBM,MKT,MKT2003,Principles of Marketing Management (1009),3,Dr. Ellen Shuo SHAN,Fri 10:00-11:50,2,FE,English,,,
FBM,MKT,MKT2003,Principles of Marketing Management (1009),3,Dr. Ellen Shuo SHAN,Tue 13:00-13:50,1,FE,English,,,
FBM,MKT,MKT2003,Principles of Marketing Management (1001),3,Dr. Qixing LI,Thu 8:00-9:50,2,MR,English,,,
FBM,MKT,MKT2003,Principles of Marketing Management (1001),3,Dr. Qixing LI,Wed 13:00-13:50,1,MR,English,,,
FBM,MKT,MKT2003,Principles of Marketing Management (1002),3,Ms. Maggie PAN,Thu 15:00-16:50,2,MR,English,,,
FBM,MKT,MKT2003,Principles of Marketing Management (1002),3,Ms. Maggie PAN,Fri 16:00-16:50,1,MR,English,,,
FBM,MKT,MKT2003,Principles of Marketing Management (1003),3,Ms. Maggie PAN,Wed 8:00-9:50,2,MR,English,,,
FBM,MKT,MKT2003,Principles of Marketing Management (1003),3,Ms. Maggie PAN,Thu 8:00-8:50,1,MR,English,,,
FBM,MKT,MKT2003,Principles of Marketing Management (1004),3,Dr. Cecilia Xiya ZHANG,Wed 9:00-10:50,2,MR,English,,,
FBM,MKT,MKT2003,Principles of Marketing Management (1004),3,Dr. Cecilia Xiya ZHANG,Thu 9:00-9:50,1,MR,English,,,
FBM,MKT,MKT2003,Principles of Marketing Management (1005),3,Dr. Shuchan LUO,Wed 10:00-11:50,2,MR,English,,,
FBM,MKT,MKT2003,Principles of Marketing Management (1005),3,Dr. Shuchan LUO,Mon 19:00-19:50,1,MR,English,,,
FBM,MKT,MKT2003,Principles of Marketing Management (1006),3,Dr. Mengmeng LIU,Wed 10:00-11:50,2,MR,English,,,
FBM,MKT,MKT2003,Principles of Marketing Management (1006),3,Dr. Mengmeng LIU,Mon 15:00-15:50,1,MR,English,,,
FBM,MKT,MKT2003,Principles of Marketing Management (1007),3,Dr. Uchenna Cyril EZE,Wed 19:00-20:50,2,MR,English,,,
FBM,MKT,MKT2003,Principles of Marketing Management (1007),3,Dr. Uchenna Cyril EZE,Fri 13:00-13:50,1,MR,English,,,
FBM,MKT,MKT2003,Principles of Marketing Management (1008),3,Dr. Joao Pedro PIRES DOS REIS MURALHA DELGADO,Thu 9:00-10:50,2,MR,English,,,
FBM,MKT,MKT2003,Principles of Marketing Management (1008),3,Dr. Joao Pedro PIRES DOS REIS MURALHA DELGADO,Mon 17:00-17:50,1,MR,English,,,
FBM,MKT,MKT3023,Marketing Research (1001),3,Dr. Patrick Peng WANG,Tue 14:00-15:50,2,MR,English,,,
FBM,MKT,MKT3023,Marketing Research (1001),3,Dr. Patrick Peng WANG,Tue 16:00-16:50,1,MR,English,,,
FBM,MKT,MKT30338002,Consumer Behaviour (1004),3,Dr. Patrick Peng WANG,Wed 8:00-9:50,2,MR,English,,,
FBM,MKT,MKT30338002,Consumer Behaviour (1004),3,Dr. Patrick Peng WANG,Tue 17:00-17:50,1,MR,English,,,
FBM,MKT,MKT3053,Marketing Internship (1001),3,Dr. Keng Hong NG,Fri 15:00-16:50,2,ME,English,,,
FBM,MKT,MKT30638002,Responsible Marketing (1001),3,Dr. Felix Xiaoyong WEI,Fri 13:00-14:50,2,MR,English,,,
FBM,MKT,MKT30638002,Responsible Marketing (1001),3,Dr. Felix Xiaoyong WEI,Tue 17:00-17:50,1,MR,English,,,
FBM,MKT,MKT3093,Luxury and Fashion Digital Marketing (1002),3,Dr. Shuchan LUO,Mon 10:00-11:50,2,FE,English,,,
FBM,MKT,MKT3093,Luxury and Fashion Digital Marketing (1002),3,Dr. Shuchan LUO,Wed 13:00-13:50,1,FE,English,,,
FBM,MKT,MKT3093,Luxury and Fashion Digital Marketing (1001),3,Dr. Shuchan LUO,Mon 10:00-11:50,2,ME,English,,,
FBM,MKT,MKT3093,Luxury and Fashion Digital Marketing (1001),3,Dr. Shuchan LUO,Wed 13:00-13:50,1,ME,English,,,
FBM,MKT,MKT3103,Digital Content Production and Management (1002),3,Dr. Felix Xiaoyong WEI,Mon 13:00-14:50,2,FE,English,,,
FBM,MKT,MKT3103,Digital Content Production and Management (1002),3,Dr. Felix Xiaoyong WEI,Thu 14:00-14:50,1,FE,English,,,
FBM,MKT,MKT3103,Digital Content Production and Management (1001),3,Dr. Felix Xiaoyong WEI,Mon 13:00-14:50,2,ME,English,,,
FBM,MKT,MKT3103,Digital Content Production and Management (1001),3,Dr. Felix Xiaoyong WEI,Thu 14:00-14:50,1,ME,English,,,
FBM,MKT,MKT4033,Retail Management (1002),3,Dr. Keng Hong NG,Fri 10:00-11:50,2,FE,English,,,
FBM,MKT,MKT4033,Retail Management (1002),3,Dr. Keng Hong NG,Tue 13:00-13:50,1,FE,English,,,
FBM,MKT,MKT4033,Retail Management (1001),3,Dr. Keng Hong NG,Fri 10:00-11:50,2,ME,English,,,
FBM,MKT,MKT4033,Retail Management (1001),3,Dr. Keng Hong NG,Tue 13:00-13:50,1,ME,English,,,
FBM,MKT,MKT4053,Business to Business Marketing (1002),3,Dr. Youssef EL HAOUSSINE,Tue 16:00-17:50,2,FE,English,,,
FBM,MKT,MKT4053,Business to Business Marketing (1002),3,Dr. Youssef EL HAOUSSINE,Thu 11:00-11:50,1,FE,English,,,
FBM,MKT,MKT4053,Business to Business Marketing (1001),3,Dr. Youssef EL HAOUSSINE,Tue 16:00-17:50,2,ME,English,,,
FBM,MKT,MKT4053,Business to Business Marketing (1001),3,Dr. Youssef EL HAOUSSINE,Thu 11:00-11:50,1,ME,English,,,
FHSS,ATS,ENG10138002,Foundations of Language Studies (1001),3,Dr. Zhuojia CHEN,Tue 16:00-17:50,2,MR,English,,,
FHSS,ATS,ENG10138002,Foundations of Language Studies (1001),3,Dr. Zhuojia CHEN,Thu 11:00-11:50,1,MR,English,,,
FHSS,ATS,GTCU2053,Bridging Cultures: Translation as Communication (1001),3,Dr. Zhuojia CHEN,Mon 13:00-14:50,2,GE2021,English,,,
FHSS,ATS,GTCU2053,Bridging Cultures: Translation as Communication (1001),3,Dr. Zhuojia CHEN,Thu 14:00-14:50,1,GE2021,English,,,
FHSS,ATS,TRA10138002,Translating China and the World (1001),3,ATS PT Teacher 1,Fri 10:00-11:50,2,FE,English,,,
FHSS,ATS,TRA10138002,Translating China and the World (1001),3,ATS PT Teacher 1,Tue 13:00-13:50,1,FE,English,,,
FHSS,ATS,TRA2033,Communication and Translation (1001),3,Dr. Tenglong WAN,Mon 15:00-16:50,2,ME,English,,,
FHSS,ATS,TRA2033,Communication and Translation (1001),3,Dr. Tenglong WAN,Thu 11:00-11:50,1,ME,English,,,
FHSS,ATS,TRA2043,Reading Chinese Literature in Translation (1001),3,Dr. Xi XU,Thu 9:00-10:50,2,ME,English,,,
FHSS,ATS,TRA2043,Reading Chinese Literature in Translation (1001),3,Dr. Xi XU,Mon 11:00-11:50,1,ME,English,,,
FHSS,ATS,TRA2083,General Translation (1001),3,Dr. Eunice Yunduan GAO,Mon 9:00-10:50,2,MR,English,,,
FHSS,ATS,TRA2083,General Translation (1001),3,Dr. Eunice Yunduan GAO,Fri 15:00-15:50,1,MR,English,,,
FHSS,ATS,TRA3013,English for Translators (1001),3,Prof. Tze Ki Jackson HON,Thu 9:00-11:50,3,MR,English,,,
FHSS,ATS,TRA3013,English for Translators (1002),3,Prof. Tze Ki Jackson HON,Thu 9:00-11:50,3,FE,English,,,
FHSS,ATS,TRA3063,Media Translation (1001),3,Dr. Kangte LUO,Thu 15:00-16:50,2,MR,English,,,
FHSS,ATS,TRA3063,Media Translation (1001),3,Dr. Kangte LUO,Wed 13:00-13:50,1,MR,English,,,
FHSS,ATS,TRA3083,General Interpreting (1001),3,Dr. Kangte LUO,Wed 9:00-11:50,3,MR,English,,,
FHSS,ATS,TRA3113,Commercial Translation (1001),3,Dr. Zhuojia CHEN,Fri 10:00-11:50,2,FE,English,,,
FHSS,ATS,TRA3113,Commercial Translation (1001),3,Dr. Zhuojia CHEN,Tue 13:00-13:50,1,FE,English,,,
FHSS,ATS,TRA3143,Audiovisual Translation and Technology (1001),3,Dr. Kangte LUO,Tue 14:00-16:50,3,ME,English,,,
FHSS,ATS,TRA4053,Special Topics in Translation (1001),3,Dr. Eunice Yunduan GAO,Fri 13:00-14:50,2,ME,English,,,
FHSS,ATS,TRA4053,Special Topics in Translation (1001),3,Dr. Eunice Yunduan GAO,Tue 10:00-10:50,1,ME,English,,,
FHSS,ATS,TRA4073,Translation Theories and Philosophies (1001),3,Dr. Eunice Yunduan GAO,Tue 14:00-16:50,3,MR,English,,,
FHSS,CCGC,CCGC2003,Topics in Chinese Intellectual History (1001),3,Prof. Shawn Xiang WANG,Mon 10:00-11:50,2,MR,English,,,
FHSS,CCGC,CCGC2003,Topics in Chinese Intellectual History (1001),3,Prof. Shawn Xiang WANG,Tue 11:00-11:50,1,MR,English,,,
FHSS,CCGC,CCGC2033,Chinese Philology (1001),3,Dr. Jianing CHEN,Fri 10:00-11:50,2,FE,English,,,
FHSS,CCGC,CCGC2033,Chinese Philology (1001),3,Dr. Jianing CHEN,Tue 13:00-13:50,1,FE,English,,,
FHSS,CCGC,CCGC3003,Traditional Chinese Civilization in the Global Context (1001),3,Dr. Xiaolong DIAO,Mon 15:00-16:50,2,MR,English,,,
FHSS,CCGC,CCGC3003,Traditional Chinese Civilization in the Global Context (1001),3,Dr. Xiaolong DIAO,Tue 14:00-14:50,1,MR,English,,,
FHSS,CCGC,CCGC3013,Language and Cross-Cultural Communication (1001),3,Dr. Jianing CHEN,Mon 9:00-10:50,2,MR,English,,,
FHSS,CCGC,CCGC3013,Language and Cross-Cultural Communication (1001),3,Dr. Jianing CHEN,Thu 11:00-11:50,1,MR,English,,,
FHSS,CCGC,CCGC3023,History of Western Sinology (1001),3,Dr. Wei Chin WONG,Fri 14:00-15:50,2,MR,English,,,
FHSS,CCGC,CCGC3023,History of Western Sinology (1001),3,Dr. Wei Chin WONG,Wed 13:00-13:50,1,MR,English,,,
FHSS,CCGC,CCGC3053,East Asian Sinology (1001),3,Dr. Xiaolong DIAO,Mon 13:00-14:50,2,FE,English,,,
FHSS,CCGC,CCGC3053,East Asian Sinology (1001),3,Dr. Xiaolong DIAO,Thu 14:00-14:50,1,FE,English,,,
FHSS,CCGC,CCGC3053,East Asian Sinology (1002),3,Dr. Xiaolong DIAO,Mon 13:00-14:50,2,ME,English,,,
FHSS,CCGC,CCGC3053,East Asian Sinology (1002),3,Dr. Xiaolong DIAO,Thu 14:00-14:50,1,ME,English,,,
FHSS,CCGC,CCGC3063,Chinese Classics and Their Global Circulation (1001),3,Dr. Sara Kar Bo WONG,Tue 8:00-9:50,2,FE,English,,,
FHSS,CCGC,CCGC3063,Chinese Classics and Their Global Circulation (1001),3,Dr. Sara Kar Bo WONG,Thu 13:00-13:50,1,FE,English,,,
FHSS,CCGC,CCGC3093,Understanding Communication in Chinese Culture (1001),3,Dr. Wei Chin WONG,Wed 9:00-10:50,2,ME,English,,,
FHSS,CCGC,CCGC3093,Understanding Communication in Chinese Culture (1001),3,Dr. Wei Chin WONG,Thu 15:00-15:50,1,ME,English,,,
FHSS,CCGC,CCGC4013,Eminent Sinologists and Their Works (1001),3,Dr. Georgiy GREBNYEV,Mon 9:00-10:50,2,MR,English,,,
FHSS,CCGC,CCGC4013,Eminent Sinologists and Their Works (1001),3,Dr. Georgiy GREBNYEV,Fri 14:00-14:50,1,MR,English,,,
FHSS,CCGC,CCGC4073,Chinese Cultural Resources and Creative Industries (1001),3,Dr. Mengqi LI,Tue 10:00-11:50,2,ME,English,,,
FHSS,CCGC,CCGC4073,Chinese Cultural Resources and Creative Industries (1001),3,Dr. Mengqi LI,Thu 16:00-16:50,1,ME,English,,,
FHSS,CCGC,GFHC1003,Religion and the Arts: Eastern Traditions (1001),3,Dr. Jianing CHEN,Mon 13:00-14:50,2,GE2021,English,,,
FHSS,CCGC,GFHC1003,Religion and the Arts: Eastern Traditions (1001),3,Dr. Jianing CHEN,Thu 14:00-14:50,1,GE2021,English,,,
FHSS,CCGC,GFHC1013,Religion and the Arts: Western Traditions (1001),3,Dr. Wm. Andrew SCHWARTZ,Fri 10:00-11:50,2,GE2021,English,,,
FHSS,CCGC,GFHC1013,Religion and the Arts: Western Traditions (1001),3,Dr. Wm. Andrew SCHWARTZ,Tue 13:00-13:50,1,GE2021,English,,,
FHSS,CCGC,GFHC1023,Traditional East Asia (1001),3,Dr. Xiaolong DIAO,Tue 8:00-9:50,2,GE2021,English,,,
FHSS,CCGC,GFHC1023,Traditional East Asia (1001),3,Dr. Xiaolong DIAO,Thu 13:00-13:50,1,GE2021,English,,,
FHSS,CCGC,GFHC1043,History of Southeast Asia (1001),3,Dr. Wei Chin WONG,Mon 13:00-14:50,2,GE2021,English,,,
FHSS,CCGC,GFHC1043,History of Southeast Asia (1001),3,Dr. Wei Chin WONG,Thu 14:00-14:50,1,GE2021,English,,,
FHSS,CCGC,GFHC1113,China and Early Civilizations (1001),3,Dr. Sara Kar Bo WONG,Fri 10:00-11:50,2,GE2021,English,,,
FHSS,CCGC,GFHC1113,China and Early Civilizations (1001),3,Dr. Sara Kar Bo WONG,Tue 13:00-13:50,1,GE2021,English,,,
FHSS,CCGC,GTSC2173,Natural Language Processing in the Humanities (1001),3,Dr. Georgiy GREBNYEV,Fri 10:00-11:50,2,GE2021,English,,,
FHSS,CCGC,GTSC2173,Natural Language Processing in the Humanities (1001),3,Dr. Georgiy GREBNYEV,Tue 13:00-13:50,1,GE2021,English,,,
FHSS,CFLC,FREN1003,French II (1001),3,Ms. Sophie DUBOIS-PEPIN,Tue 8:00-9:50,2,FE,English,To be reviewed case by case (basic proficiency of the language is required),,
FHSS,CFLC,FREN1003,French II (1001),3,Ms. Sophie DUBOIS-PEPIN,Thu 13:00-13:50,1,FE,English,To be reviewed case by case (basic proficiency of the language is required),,
FHSS,CFLC,FREN1003,French II (1002),3,Ms. Sophie DUBOIS-PEPIN,Fri 10:00-11:50,2,FE,English,To be reviewed case by case (basic proficiency of the language is required),,
FHSS,CFLC,FREN1003,French II (1002),3,Ms. Sophie DUBOIS-PEPIN,Tue 13:00-13:50,1,FE,English,To be reviewed case by case (basic proficiency of the language is required),,
FHSS,CFLC,FREN1013,French I (1005),3,Ms. Johanna Clio METIVIER,Tue 8:00-9:50,2,FE,English,,,
FHSS,CFLC,FREN1013,French I (1005),3,Ms. Johanna Clio METIVIER,Thu 13:00-13:50,1,FE,English,,,
FHSS,CFLC,FREN1013,French I (1004),3,Ms. Johanna Clio METIVIER,Mon 13:00-14:50,2,FE,English,,,
FHSS,CFLC,FREN1013,French I (1004),3,Ms. Johanna Clio METIVIER,Thu 14:00-14:50,1,FE,English,,,
FHSS,CFLC,FREN1013,French I (1001),3,Ms. Sophie DUBOIS-PEPIN,Mon 13:00-14:50,2,FE,English,,,
FHSS,CFLC,FREN1013,French I (1001),3,Ms. Sophie DUBOIS-PEPIN,Thu 14:00-14:50,1,FE,English,,,
FHSS,CFLC,FREN1013,French I (1006),3,Ms. Johanna Clio METIVIER,Mon 9:00-10:50,2,FE,English,,,
FHSS,CFLC,FREN1013,French I (1006),3,Ms. Johanna Clio METIVIER,Fri 9:00-9:50,1,FE,English,,,
FHSS,CFLC,FREN1013,French I (1007),3,Ms. Johanna Clio METIVIER,Fri 13:00-14:50,2,FE,English,,,
FHSS,CFLC,FREN1013,French I (1007),3,Ms. Johanna Clio METIVIER,Tue 14:00-14:50,1,FE,English,,,
FHSS,CFLC,FREN1013,French I (1002),3,Ms. Sophie DUBOIS-PEPIN,Mon 10:00-11:50,2,FE,English,,,
FHSS,CFLC,FREN1013,French I (1002),3,Ms. Sophie DUBOIS-PEPIN,Thu 11:00-11:50,1,FE,English,,,
FHSS,CFLC,FREN1013,French I (1003),3,Ms. Sophie DUBOIS-PEPIN,Fri 14:00-15:50,2,FE,English,,,
FHSS,CFLC,FREN1013,French I (1003),3,Ms. Sophie DUBOIS-PEPIN,Tue 10:00-10:50,1,FE,English,,,
FHSS,CFLC,FREN2023,French Culture (1001),3,Ms. Johanna Clio METIVIER,Fri 10:00-11:50,2,FE,English,,,
FHSS,CFLC,FREN2023,French Culture (1001),3,Ms. Johanna Clio METIVIER,Tue 13:00-13:50,1,FE,English,,,
FHSS,CFLC,GERM1003,German II (1001),3,Dr. Wilhelmus Johannes Helmut WARMENHOVEN,Mon 13:00-14:50,2,FE,English,To be reviewed case by case (basic proficiency of the language is required),,
FHSS,CFLC,GERM1003,German II (1001),3,Dr. Wilhelmus Johannes Helmut WARMENHOVEN,Thu 14:00-14:50,1,FE,English,To be reviewed case by case (basic proficiency of the language is required),,
FHSS,CFLC,GERM1003,German II (1002),3,Dr. Wilhelmus Johannes Helmut WARMENHOVEN,Fri 10:00-11:50,2,FE,English,To be reviewed case by case (basic proficiency of the language is required),,
FHSS,CFLC,GERM1003,German II (1002),3,Dr. Wilhelmus Johannes Helmut WARMENHOVEN,Tue 13:00-13:50,1,FE,English,To be reviewed case by case (basic proficiency of the language is required),,
FHSS,CFLC,GERM1023,German I (1003),3,Dr. Wilhelmus Johannes Helmut WARMENHOVEN,Tue 8:00-9:50,2,FE,English,,,
FHSS,CFLC,GERM1023,German I (1003),3,Dr. Wilhelmus Johannes Helmut WARMENHOVEN,Thu 13:00-13:50,1,FE,English,,,
FHSS,CFLC,GERM1023,German I (1004),3,Dr. Katharina YU SCHMIDT,Mon 13:00-14:50,2,FE,English,,,
FHSS,CFLC,GERM1023,German I (1004),3,Dr. Katharina YU SCHMIDT,Thu 14:00-14:50,1,FE,English,,,
FHSS,CFLC,GERM1023,German I (1001),3,Dr. Wilhelmus Johannes Helmut WARMENHOVEN,Mon 9:00-10:50,2,FE,English,,,
FHSS,CFLC,GERM1023,German I (1001),3,Dr. Wilhelmus Johannes Helmut WARMENHOVEN,Fri 9:00-9:50,1,FE,English,,,
FHSS,CFLC,GERM1023,German I (1002),3,Dr. Wilhelmus Johannes Helmut WARMENHOVEN,Thu 9:00-10:50,2,FE,English,,,
FHSS,CFLC,GERM1023,German I (1002),3,Dr. Wilhelmus Johannes Helmut WARMENHOVEN,Tue 10:00-10:50,1,FE,English,,,
FHSS,CFLC,GFHC1053,Middle Eastern Civilizations (1001),3,Dr. Debbie Yuk Fun LAW,Mon 13:00-14:50,2,GE2021,English,,,
FHSS,CFLC,GFHC1053,Middle Eastern Civilizations (1001),3,Dr. Debbie Yuk Fun LAW,Thu 14:00-14:50,1,GE2021,English,,,
FHSS,CFLC,GFHC1053,Middle Eastern Civilizations (1002),3,Dr. Giuliano CASTAGNA,Fri 10:00-11:50,2,GE2021,English,,,
FHSS,CFLC,GFHC1053,Middle Eastern Civilizations (1002),3,Dr. Giuliano CASTAGNA,Tue 13:00-13:50,1,GE2021,English,,,
FHSS,CFLC,GFHC1063,Modern Western Thought and Culture (1003),3,Dr. Bo YAN,Tue 8:00-9:50,2,GE2021,English,,,
FHSS,CFLC,GFHC1063,Modern Western Thought and Culture (1003),3,Dr. Bo YAN,Thu 13:00-13:50,1,GE2021,English,,,
FHSS,CFLC,GFHC1063,Modern Western Thought and Culture (1001),3,Dr. Milen JISSOV,Mon 13:00-14:50,2,GE2021,English,,,
FHSS,CFLC,GFHC1063,Modern Western Thought and Culture (1001),3,Dr. Milen JISSOV,Thu 14:00-14:50,1,GE2021,English,,,
FHSS,CFLC,GFHC1063,Modern Western Thought and Culture (1002),3,Dr. Arina Codruta ROTARU,Fri 10:00-11:50,2,GE2021,English,,,
FHSS,CFLC,GFHC1063,Modern Western Thought and Culture (1002),3,Dr. Arina Codruta ROTARU,Tue 13:00-13:50,1,GE2021,English,,,
FHSS,CFLC,GFHC1123,Examining World Literature (1001),3,Dr. Arina Codruta ROTARU,Mon 13:00-14:50,2,GE2021,English,,,
FHSS,CFLC,GFHC1123,Examining World Literature (1001),3,Dr. Arina Codruta ROTARU,Thu 14:00-14:50,1,GE2021,English,,,
FHSS,CFLC,GFHC1133,Great Discoveries in World Archaeology (1001),3,Dr. Giuliano CASTAGNA,Tue 8:00-9:50,2,GE2021,English,,,
FHSS,CFLC,GFHC1133,Great Discoveries in World Archaeology (1001),3,Dr. Giuliano CASTAGNA,Thu 13:00-13:50,1,GE2021,English,,,
FHSS,CFLC,GFHC1143,The Ancient World till 1500 (1001),3,Dr. Debbie Yuk Fun LAW,Fri 10:00-11:50,2,GE2021,English,,,
FHSS,CFLC,GFHC1143,The Ancient World till 1500 (1001),3,Dr. Debbie Yuk Fun LAW,Tue 13:00-13:50,1,GE2021,English,,,
FHSS,CFLC,GFHC1153,Silk Roads (1001),3,Dr. Bo YAN,Fri 10:00-11:50,2,GE2021,English,,,
FHSS,CFLC,GFHC1153,Silk Roads (1001),3,Dr. Bo YAN,Tue 13:00-13:50,1,GE2021,English,,,
FHSS,CFLC,GFHC1163,American Civilizations (1001),3,Dr. Debbie Yuk Fun LAW,Tue 8:00-9:50,2,GE2021,English,,,
FHSS,CFLC,GFHC1163,American Civilizations (1001),3,Dr. Debbie Yuk Fun LAW,Thu 13:00-13:50,1,GE2021,English,,,
FHSS,CFLC,GFHC1173,Great Cities (1001),3,Prof. Shawn Xiang WANG,Tue 8:00-9:50,2,GE2021,English,,,
FHSS,CFLC,GFHC1173,Great Cities (1001),3,Prof. Shawn Xiang WANG,Thu 13:00-13:50,1,GE2021,English,,,
FHSS,CFLC,GTCU2153,"Global Surrealism: Building Transnational Networks across Art History, Literature, and Culture (1001)",3,Dr. Arina Codruta ROTARU,Tue 8:00-9:50,2,GE2021,English,,,
FHSS,CFLC,GTCU2153,"Global Surrealism: Building Transnational Networks across Art History, Literature, and Culture (1001)",3,Dr. Arina Codruta ROTARU,Thu 13:00-13:50,1,GE2021,English,,,
FHSS,CFLC,HIST1063,Modernism in Western Culture (1001),3,Dr. Milen JISSOV,Fri 10:00-11:50,2,FE,English,,,
FHSS,CFLC,HIST1063,Modernism in Western Culture (1001),3,Dr. Milen JISSOV,Tue 13:00-13:50,1,FE,English,,,
FHSS,CFLC,KOR1013,Korean I (1001),3,Ms. Sohee CHA,Tue 8:00-9:50,2,FE,English,,,
FHSS,CFLC,KOR1013,Korean I (1001),3,Ms. Sohee CHA,Thu 13:00-13:50,1,FE,English,,,
FHSS,CFLC,KOR1013,Korean I (1002),3,Ms. Sohee CHA,Mon 13:00-14:50,2,FE,English,,,
FHSS,CFLC,KOR1013,Korean I (1002),3,Ms. Sohee CHA,Thu 14:00-14:50,1,FE,English,,,
FHSS,CFLC,KOR1013,Korean I (1003),3,Ms. Sohee CHA,Fri 10:00-11:50,2,FE,English,,,
FHSS,CFLC,KOR1013,Korean I (1003),3,Ms. Sohee CHA,Tue 13:00-13:50,1,FE,English,,,
FHSS,CFLC,KOR1013,Korean I (1004),3,Ms. Sohee CHA,Thu 15:00-16:50,2,FE,English,,,
FHSS,CFLC,KOR1013,Korean I (1004),3,Ms. Sohee CHA,Fri 13:00-13:50,1,FE,English,,,
FHSS,CFLC,KOR1013,Korean I (1005),3,Ms. Sohee CHA,Tue 14:00-15:50,2,FE,English,,,
FHSS,CFLC,KOR1013,Korean I (1005),3,Ms. Sohee CHA,Thu 11:00-11:50,1,FE,English,,,
FHSS,CFLC,KOR1013,Korean I (1006),3,Ms. Sohee CHA,Mon 10:00-11:50,2,FE,English,,,
FHSS,CFLC,KOR1013,Korean I (1006),3,Ms. Sohee CHA,Fri 14:00-14:50,1,FE,English,,,
FHSS,CFLC,LAT1003,Latin Language and Roman Culture (1001),3,Dr. Zhan CHEN,Tue 8:00-9:50,2,FE,English,,,
FHSS,CFLC,LAT1003,Latin Language and Roman Culture (1001),3,Dr. Zhan CHEN,Thu 13:00-13:50,1,FE,English,,,
FHSS,CFLC,REL1033,Buddhism Across Asia (1001),3,Prof. Shawn Xiang WANG,Mon 13:00-14:50,2,FE,English,,,
FHSS,CFLC,REL1033,Buddhism Across Asia (1001),3,Prof. Shawn Xiang WANG,Thu 14:00-14:50,1,FE,English,,,
FHSS,CFLC,SPAN1003,Spanish II (1001),3,Mr. Jose GALLEGO ALBERTOS FERNANDEZ MONTES,Fri 10:00-11:50,2,FE,English,To be reviewed case by case (basic proficiency of the language is required),,
FHSS,CFLC,SPAN1003,Spanish II (1001),3,Mr. Jose GALLEGO ALBERTOS FERNANDEZ MONTES,Tue 13:00-13:50,1,FE,English,To be reviewed case by case (basic proficiency of the language is required),,
FHSS,CFLC,SPAN1013,Spanish I (1001),3,Mr. Jose GALLEGO ALBERTOS FERNANDEZ MONTES,Tue 8:00-9:50,2,FE,English,,,
FHSS,CFLC,SPAN1013,Spanish I (1001),3,Mr. Jose GALLEGO ALBERTOS FERNANDEZ MONTES,Thu 13:00-13:50,1,FE,English,,,
FHSS,CFLC,SPAN1013,Spanish I (1002),3,Mr. Jose GALLEGO ALBERTOS FERNANDEZ MONTES,Fri 14:00-15:50,2,FE,English,,,
FHSS,CFLC,SPAN1013,Spanish I (1002),3,Mr. Jose GALLEGO ALBERTOS FERNANDEZ MONTES,Tue 14:00-14:50,1,FE,English,,,
FHSS,CFLC,SPAN1013,Spanish I (1003),3,Mr. Jose GALLEGO ALBERTOS FERNANDEZ MONTES,Mon 9:00-10:50,2,FE,English,,,
FHSS,CFLC,SPAN1013,Spanish I (1003),3,Mr. Jose GALLEGO ALBERTOS FERNANDEZ MONTES,Thu 10:00-10:50,1,FE,English,,,
FHSS,CFLC,SPAN2023,Introduction to Spanish Arts and Monuments (1001),3,Mr. Jose GALLEGO ALBERTOS FERNANDEZ MONTES,Mon 13:00-14:50,2,FE,English,,,
FHSS,CFLC,SPAN2023,Introduction to Spanish Arts and Monuments (1001),3,Mr. Jose GALLEGO ALBERTOS FERNANDEZ MONTES,Thu 14:00-14:50,1,FE,English,,,
FHSS,DGS,DSS2013,Smart City (1001),3,Dr. Sharon Shuang WU,Tue 18:00-19:50,2,MR,English,,,
FHSS,DGS,DSS2013,Smart City (1001),3,Dr. Sharon Shuang WU,Wed 13:00-13:50,1,MR,English,,,
FHSS,DGS,DSS2023,Behavioral Science and the Digital World (1001),3,Dr. Maggie Mei-Kit TANG,Fri 15:00-16:50,2,MR,English,,,
FHSS,DGS,DSS2023,Behavioral Science and the Digital World (1001),3,Dr. Maggie Mei-Kit TANG,Wed 13:00-13:50,1,MR,English,,,
FHSS,DGS,DSS2033,Social Policy in Digital Society (1001),3,Prof. Christian DR. ASPALTER,Tue 15:00-16:50,2,MR,English,,,
FHSS,DGS,DSS2033,Social Policy in Digital Society (1001),3,Prof. Christian DR. ASPALTER,Fri 9:00-9:50,1,MR,English,,,
FHSS,DGS,DSS30038001,"Culture, Diversity and Society (1001)",3,Dr. MD Nazrul ISLAM,Mon 15:00-16:50,2,MR,English,,,
FHSS,DGS,DSS30038001,"Culture, Diversity and Society (1001)",3,Dr. MD Nazrul ISLAM,Fri 15:00-15:50,1,MR,English,,,
FHSS,DGS,DSS3033,Ethics and Legal Issues in Digital Society (1001),3,Dr. Bo YAN,Fri 13:00-14:50,2,MR,English,,,
FHSS,DGS,DSS3033,Ethics and Legal Issues in Digital Society (1001),3,Dr. Bo YAN,Thu 16:00-16:50,1,MR,English,,,
FHSS,DGS,DSS4053,"AI-Human Collaboration: Principles, Applications, and Social Implications (1001)",3,Dr. Xuan NING,Wed 9:00-10:50,2,ME,English,,,
FHSS,DGS,DSS4053,"AI-Human Collaboration: Principles, Applications, and Social Implications (1001)",3,Dr. Xuan NING,Thu 15:00-15:50,1,ME,English,,,
FHSS,DGS,DSS4063,Healthy Living and Healthy Life in the Digital Age (1001),3,Dr. MD Nazrul ISLAM,Thu 10:00-11:50,2,ME,English,,,
FHSS,DGS,DSS4063,Healthy Living and Healthy Life in the Digital Age (1001),3,Dr. MD Nazrul ISLAM,Tue 10:00-10:50,1,ME,English,,,
FHSS,DGS,DSS4073,Sociology of Digital Transformation (1001),3,Dr. Siu Han CHAN,Mon 9:00-11:50,3,ME,English,,,
FHSS,DGS,GDST1083,Web Publishing: The science behind the content on the Web (1001),3,DGS PT Teacher 1,Mon 15:00-17:50,3,MR,English,,,
FHSS,DGS,GFHC1083,Sociology and Modern Society (1002),3,Dr. Vivien Wai Wan CHAN,Mon 13:00-14:50,2,GE2021,English,,,
FHSS,DGS,GFHC1083,Sociology and Modern Society (1002),3,Dr. Vivien Wai Wan CHAN,Thu 14:00-14:50,1,GE2021,English,,,
FHSS,DGS,GFHC1083,Sociology and Modern Society (1001),3,Dr. Siu Han CHAN,Fri 10:00-11:50,2,GE2021,English,,,
FHSS,DGS,GFHC1083,Sociology and Modern Society (1001),3,Dr. Siu Han CHAN,Tue 13:00-13:50,1,GE2021,English,,,
FHSS,DGS,GFHC1093,"Gender, Family and Marriage (1002)",3,Dr. Xuan NING,Tue 8:00-9:50,2,GE2021,English,,,
FHSS,DGS,GFHC1093,"Gender, Family and Marriage (1002)",3,Dr. Xuan NING,Thu 13:00-13:50,1,GE2021,English,,,
FHSS,DGS,GFHC1093,"Gender, Family and Marriage (1001)",3,Dr. MD Nazrul ISLAM,Fri 10:00-11:50,2,GE2021,English,,,
FHSS,DGS,GFHC1093,"Gender, Family and Marriage (1001)",3,Dr. MD Nazrul ISLAM,Tue 13:00-13:50,1,GE2021,English,,,
FHSS,DGS,POLS2073,Cooperation and Progress in the Guangdong-Hong Kong-Macau Greater Bay Area (1001),3,Dr. Siu Han CHAN,Wed 9:00-11:50,3,MR,English,,,
FHSS,DGS,SWSA1003,Introduction to Social Welfare (1001),3,Prof. Christian DR. ASPALTER,Fri 10:00-11:50,2,FE,English,,,
FHSS,DGS,SWSA1003,Introduction to Social Welfare (1001),3,Prof. Christian DR. ASPALTER,Tue 13:00-13:50,1,FE,English,,,
FHSS,ELLS,ENG10138002,Foundations of Language Studies (1003),3,Dr. Jin SHEN,Wed 9:00-10:50,2,MR,English,,,
FHSS,ELLS,ENG10138002,Foundations of Language Studies (1003),3,Dr. Jin SHEN,Thu 10:00-10:50,1,MR,English,,,
FHSS,ELLS,ENG10138002,Foundations of Language Studies (1002),3,Dr. Malila CARVALHO DE ALMEIDA PRADO,Tue 16:00-17:50,2,MR,English,,,
FHSS,ELLS,ENG10138002,Foundations of Language Studies (1002),3,Dr. Malila CARVALHO DE ALMEIDA PRADO,Wed 10:00-10:50,1,MR,English,,,
FHSS,ELLS,ENG2043,Speech and Oral Communications (1002),3,Dr. Jackie Lay Kean YEOH,Tue 16:00-17:50,2,MR,English,,,
FHSS,ELLS,ENG2043,Speech and Oral Communications (1002),3,Dr. Jackie Lay Kean YEOH,Fri 9:00-9:50,1,MR,English,,,
FHSS,ELLS,ENG2043,Speech and Oral Communications (1001),3,Prof. Charles David LOWE,Tue 10:00-11:50,2,MR,English,,,
FHSS,ELLS,ENG2043,Speech and Oral Communications (1001),3,Prof. Charles David LOWE,Wed 13:00-13:50,1,MR,English,,,
FHSS,ELLS,ENG2053,Professional and Technical Writing (1001),3,Dr. Xiaoping WU,Mon 13:00-14:50,2,FE,English,,,
FHSS,ELLS,ENG2053,Professional and Technical Writing (1001),3,Dr. Xiaoping WU,Thu 14:00-14:50,1,FE,English,,,
FHSS,ELLS,ENG2063,Children’s Literature (1001),3,Dr. Ruixue ZHANG,Tue 8:00-9:50,2,FE,English,,,
FHSS,ELLS,ENG2063,Children’s Literature (1001),3,Dr. Ruixue ZHANG,Thu 13:00-13:50,1,FE,English,,,
FHSS,ELLS,ENG2083,Discourse and Grammar (1001),3,Dr. Malila CARVALHO DE ALMEIDA PRADO,Mon 9:00-10:50,2,MR,English,,,
FHSS,ELLS,ENG2083,Discourse and Grammar (1001),3,Dr. Malila CARVALHO DE ALMEIDA PRADO,Wed 13:00-13:50,1,MR,English,,,
FHSS,ELLS,ENG2143,New Media Literacies (1002),3,Dr. Xiaoping WU,Mon 15:00-17:50,3,MR,English,,,
FHSS,ELLS,ENG2143,New Media Literacies (1001),3,Dr. Jin SHEN,Fri 13:00-14:50,2,MR,English,,,
FHSS,ELLS,ENG2143,New Media Literacies (1001),3,Dr. Jin SHEN,Mon 11:00-11:50,1,MR,English,,,
FHSS,ELLS,ENG2143,New Media Literacies (1003),3,Dr. Jin SHEN,Fri 13:00-14:50,2,FE,English,,,
FHSS,ELLS,ENG2143,New Media Literacies (1003),3,Dr. Jin SHEN,Mon 11:00-11:50,1,FE,English,,,
FHSS,ELLS,ENG21638002,British Literature: Empire and Identities (1001),3,Dr. Ruixue ZHANG,Mon 9:00-11:50,3,MR,English,,,
FHSS,ELLS,ENG21638002,British Literature: Empire and Identities (1002),3,Dr. Ruixue ZHANG,Mon 9:00-11:50,3,FE,English,,,
FHSS,ELLS,ENG2213,Introduction to Film and Literature (1002),3,Dr. Erin Amann HOLLIDAY-KARRE,Tue 8:00-9:50,2,FE,English,,,
FHSS,ELLS,ENG2213,Introduction to Film and Literature (1002),3,Dr. Erin Amann HOLLIDAY-KARRE,Thu 13:00-13:50,1,FE,English,,,
FHSS,ELLS,ENG2213,Introduction to Film and Literature (1001),3,Dr. Ruixue ZHANG,Thu 15:00-17:50,3,ME,English,,,
FHSS,ELLS,ENG2223,English Through Media (1001),3,Dr. Jin SHEN,Mon 13:00-14:50,2,FE,English,,,
FHSS,ELLS,ENG2223,English Through Media (1001),3,Dr. Jin SHEN,Thu 14:00-14:50,1,FE,English,,,
FHSS,ELLS,ENG30038002,Decolonising English Literature (1001),3,Dr. Erin Amann HOLLIDAY-KARRE,Wed 9:00-10:50,2,MR,English,,,
FHSS,ELLS,ENG30038002,Decolonising English Literature (1001),3,Dr. Erin Amann HOLLIDAY-KARRE,Tue 10:00-10:50,1,MR,English,,,
FHSS,ELLS,ENG30038002,Decolonising English Literature (1002),3,Dr. Erin Amann HOLLIDAY-KARRE,Wed 9:00-10:50,2,FE,English,,,
FHSS,ELLS,ENG30038002,Decolonising English Literature (1002),3,Dr. Erin Amann HOLLIDAY-KARRE,Tue 10:00-10:50,1,FE,English,,,
FHSS,ELLS,ENG3163,Dramatic Words: Theatre and Performance (1001),3,Prof. Rob BRANNEN,Wed 18:00-20:50,3,FE,English,,,
FHSS,ELLS,ENG3243,Research Writing (1001),3,Dr. Robyn Elizabeth BRAY,Fri 10:00-11:50,2,FE,English,,,
FHSS,ELLS,ENG3243,Research Writing (1001),3,Dr. Robyn Elizabeth BRAY,Tue 13:00-13:50,1,FE,English,,,
FHSS,ELLS,ENG4053,Creative Writing (1001),3,Prof. Charles David LOWE,Mon 15:00-16:50,2,MR,English,,,
FHSS,ELLS,ENG4053,Creative Writing (1001),3,Prof. Charles David LOWE,Tue 14:00-14:50,1,MR,English,,,
FHSS,ELLS,ENG4053,Creative Writing (1002),3,Prof. Charles David LOWE,Mon 15:00-16:50,2,FE,English,,,
FHSS,ELLS,ENG4053,Creative Writing (1002),3,Prof. Charles David LOWE,Tue 14:00-14:50,1,FE,English,,,
FHSS,ELLS,ENG41238002,Introduction to Publishing Studies (1001),3,Dr. Robyn Elizabeth BRAY,Wed 9:00-11:50,3,MR,English,,,
FHSS,ELLS,ENG4213,Special Topic in Literature (1001),3,Prof. Rob BRANNEN,Thu 15:00-17:50,3,ME,English,,,
FHSS,ELLS,GTCU2063,"Language, Media and Culture (1002)",3,Dr. Iris Wen WANG,Thu 18:00-20:50,3,GE2021,English,,,
FHSS,ELLS,GTCU2063,"Language, Media and Culture (1003)",3,Mr. Gang HONG,Tue 18:00-20:50,3,GE2021,English,,,
FHSS,ELLS,PSY2053,Educational Psychology and Classroom Practice (1001),3,Dr. JuYoung LEE,Tue 8:00-9:50,2,FE,English,,,
FHSS,ELLS,PSY2053,Educational Psychology and Classroom Practice (1001),3,Dr. JuYoung LEE,Thu 13:00-13:50,1,FE,English,,,
FHSS,ELLS,TESL2003,First and Second Language Acquisition (1001),3,Dr. JuYoung LEE,Mon 9:00-11:50,3,MR,English,,,
FHSS,ELLS,TESL2003,First and Second Language Acquisition (1002),3,Dr. JuYoung LEE,Mon 9:00-11:50,3,FE,English,,,
FHSS,ELLS,TESL2013,Approaches to Second Language Teaching (1001),3,Dr. Edith Mei-Yee YAN,Thu 9:00-10:50,2,ME,English,,,
FHSS,ELLS,TESL2013,Approaches to Second Language Teaching (1001),3,Dr. Edith Mei-Yee YAN,Mon 11:00-11:50,1,ME,English,,,
FHSS,ELLS,TESL3013,Language and Education (1001),3,Prof. Indika Jananda Borala LIYANAGE,Tue 15:00-17:50,3,ME,English,,,
FHSS,ELLS,TESL3063,Language Teaching Methodology (1001),3,Dr. JuYoung LEE,Mon 15:00-16:50,2,MR,English,,,
FHSS,ELLS,TESL3063,Language Teaching Methodology (1001),3,Dr. JuYoung LEE,Tue 11:00-11:50,1,MR,English,,,
FHSS,ELLS,TESL3063,Language Teaching Methodology (1002),3,Dr. JuYoung LEE,Mon 15:00-16:50,2,FE,English,,,
FHSS,ELLS,TESL3063,Language Teaching Methodology (1002),3,Dr. JuYoung LEE,Tue 11:00-11:50,1,FE,English,,,
FHSS,ELLS,TESL3083,Classroom Communication for Language Teachers (1001),3,Dr. Edith Mei-Yee YAN,Fri 13:00-14:50,2,MR,English,,,
FHSS,ELLS,TESL3083,Classroom Communication for Language Teachers (1001),3,Dr. Edith Mei-Yee YAN,Thu 11:00-11:50,1,MR,English,,,
FHSS,ELLS,TESL3083,Classroom Communication for Language Teachers (1002),3,Dr. Edith Mei-Yee YAN,Fri 13:00-14:50,2,FE,English,,,
FHSS,ELLS,TESL3083,Classroom Communication for Language Teachers (1002),3,Dr. Edith Mei-Yee YAN,Thu 11:00-11:50,1,FE,English,,,
FHSS,GAD,DSS1013,Big Ideas in Social Sciences (1001),3,Dr. Sharon Shuang WU,Mon 9:00-11:50,3,MR,English,,,
FHSS,GAD,GLD2033,Global Political Economy (1001),3,Dr. Edoardo MONACO,Mon 9:00-11:50,3,MR,English,,,
FHSS,GAD,GLD3003,Public-Private Partnerships (1001),3,Prof. Kwok Cho TANG,Tue 14:00-16:50,3,MR,English,,,
FHSS,GAD,GLD3003,Public-Private Partnerships (1002),3,Prof. Kwok Cho TANG,Tue 14:00-16:50,3,FE,English,,,
FHSS,GAD,GLD3023,"Globalisation: Trends, Issues and Opportunities (1001)",3,Dr. Selcuk COLAKOGLU,Fri 15:00-16:50,2,MR,English,,,
FHSS,GAD,GLD3023,"Globalisation: Trends, Issues and Opportunities (1001)",3,Dr. Selcuk COLAKOGLU,Tue 11:00-11:50,1,MR,English,,,
FHSS,GAD,GLD3023,"Globalisation: Trends, Issues and Opportunities (1002)",3,Dr. Selcuk COLAKOGLU,Fri 15:00-16:50,2,FE,English,,,
FHSS,GAD,GLD3023,"Globalisation: Trends, Issues and Opportunities (1002)",3,Dr. Selcuk COLAKOGLU,Tue 11:00-11:50,1,FE,English,,,
FHSS,GAD,GLD3083,China’s Global Partnerships for Shared Prosperity (1001),3,Dr. Selcuk COLAKOGLU,Wed 9:00-10:50,2,MR,English,,,
FHSS,GAD,GLD3083,China’s Global Partnerships for Shared Prosperity (1001),3,Dr. Selcuk COLAKOGLU,Fri 9:00-9:50,1,MR,English,,,
FHSS,GAD,GLD3083,China’s Global Partnerships for Shared Prosperity (1002),3,Dr. Selcuk COLAKOGLU,Wed 9:00-10:50,2,FE,English,,,
FHSS,GAD,GLD3083,China’s Global Partnerships for Shared Prosperity (1002),3,Dr. Selcuk COLAKOGLU,Fri 9:00-9:50,1,FE,English,,,
FHSS,GAD,GLD3103,Project Management in International Development (1001),3,Prof. Kwok Cho TANG,Mon 15:00-17:50,3,MR,English,,,
FHSS,GAD,GLD3103,Project Management in International Development (1002),3,Prof. Kwok Cho TANG,Mon 15:00-17:50,3,FE,English,,,
FHSS,GAD,GLD3113,International Development Theory and Practice (1001),3,Dr. Michal VAVRIK,Mon 16:00-17:50,2,MR,English,,,
FHSS,GAD,GLD3113,International Development Theory and Practice (1001),3,Dr. Michal VAVRIK,Thu 11:00-11:50,1,MR,English,,,
FHSS,GAD,GLD3113,International Development Theory and Practice (1002),3,Dr. Michal VAVRIK,Mon 16:00-17:50,2,FE,English,,,
FHSS,GAD,GLD3113,International Development Theory and Practice (1002),3,Dr. Michal VAVRIK,Thu 11:00-11:50,1,FE,English,,,
FHSS,GAD,GLD4023,Topics in Globalisation and Development (1001),3,Prof. Simon Xiaobin ZHAO,Tue 14:00-15:50,2,MR,English,,,
FHSS,GAD,GLD4023,Topics in Globalisation and Development (1001),3,Prof. Simon Xiaobin ZHAO,Wed 11:00-11:50,1,MR,English,,,
FHSS,GAD,GLD4023,Topics in Globalisation and Development (1002),3,Prof. Simon Xiaobin ZHAO,Tue 14:00-15:50,2,FE,English,,,
FHSS,GAD,GLD4023,Topics in Globalisation and Development (1002),3,Prof. Simon Xiaobin ZHAO,Wed 11:00-11:50,1,FE,English,,,
FHSS,GAD,POLS2033,Introduction to Research Methods (1001),3,Dr. Michal VAVRIK,Fri 13:00-15:50,3,MR,English,,,
FHSS,GAD,POLS3203,Introduction to Sustainable Development (1001),3,Dr. Edoardo MONACO,Tue 15:00-17:50,3,MR,English,,,
FHSS,GAD,POLS3253,Global Routes of Trade and Investment (1001),3,Prof. Simon Xiaobin ZHAO,Fri 13:00-14:50,2,MR,English,,,
FHSS,GAD,POLS3253,Global Routes of Trade and Investment (1001),3,Prof. Simon Xiaobin ZHAO,Wed 13:00-13:50,1,MR,English,,,
FHSS,GAD,POLS3303,Governance and Society in Northeast Asia (1001),3,Dr. Selcuk COLAKOGLU,Thu 9:00-10:50,2,ME,English,,,
FHSS,GAD,POLS3303,Governance and Society in Northeast Asia (1001),3,Dr. Selcuk COLAKOGLU,Tue 10:00-10:50,1,ME,English,,,
FHSS,GAD,POLS3303,Governance and Society in Northeast Asia (1002),3,Dr. Selcuk COLAKOGLU,Thu 9:00-10:50,2,FE,English,,,
FHSS,GAD,POLS3303,Governance and Society in Northeast Asia (1002),3,Dr. Selcuk COLAKOGLU,Tue 10:00-10:50,1,FE,English,,,
FHSS,GAD,SWSA2063,Social Innovation and Social Enterprises (1001),3,Prof. Johnston Hong-Chung WONG,Thu 9:00-10:50,2,MR,English,,,
FHSS,GAD,SWSA2063,Social Innovation and Social Enterprises (1001),3,Prof. Johnston Hong-Chung WONG,Mon 15:00-15:50,1,MR,English,,,
FHSS,GAD,SWSA2063,Social Innovation and Social Enterprises (1002),3,Prof. Johnston Hong-Chung WONG,Thu 9:00-10:50,2,FE,English,,,
FHSS,GAD,SWSA2063,Social Innovation and Social Enterprises (1002),3,Prof. Johnston Hong-Chung WONG,Mon 15:00-15:50,1,FE,English,,,
FHSS,MCOM,COMM3053,Health and Science Communication (1001),3,Dr. Yiwei LI,Mon 13:00-14:50,2,FE,English,,,
FHSS,MCOM,COMM3053,Health and Science Communication (1001),3,Dr. Yiwei LI,Thu 14:00-14:50,1,FE,English,,,
FHSS,MCOM,COMM3093,Media and Mental Health (1001),3,Dr. Lai Fong YANG,Tue 15:00-16:50,2,ME,English,,,
FHSS,MCOM,COMM3093,Media and Mental Health (1001),3,Dr. Lai Fong YANG,Fri 9:00-9:50,1,ME,English,,,
FHSS,MCOM,COMM3103,Music as Communication (1001),3,Dr. Markus Georg Thomas HEIDINGSFELDER,Tue 15:00-16:50,2,ME,English,,,
FHSS,MCOM,COMM3103,Music as Communication (1001),3,Dr. Markus Georg Thomas HEIDINGSFELDER,Fri 9:00-9:50,1,ME,English,,,
FHSS,MCOM,GFHC10738002,Exploring Western Philosophy (1001),3,Dr. Markus Georg Thomas HEIDINGSFELDER,Mon 13:00-14:50,2,GE2021,English,,,
FHSS,MCOM,GFHC10738002,Exploring Western Philosophy (1001),3,Dr. Markus Georg Thomas HEIDINGSFELDER,Thu 14:00-14:50,1,GE2021,English,,,
FHSS,MCOM,GTCU2063,"Language, Media and Culture (1001)",3,Dr. Maoli XING,Tue 8:00-9:50,2,GE2021,English,,,
FHSS,MCOM,GTCU2063,"Language, Media and Culture (1001)",3,Dr. Maoli XING,Thu 13:00-13:50,1,GE2021,English,,,
FHSS,MCOM,MCOM1003,Introduction to Media Studies (1001),3,Dr. Hao SUN,Fri 10:00-11:50,2,FE,English,,,
FHSS,MCOM,MCOM1003,Introduction to Media Studies (1001),3,Dr. Hao SUN,Tue 13:00-13:50,1,FE,English,,,
FHSS,MCOM,MCOM1013,"New Media, Culture and Society (1001)",3,Dr. Maoli XING,Mon 13:00-14:50,2,FE,English,,,
FHSS,MCOM,MCOM1013,"New Media, Culture and Society (1001)",3,Dr. Maoli XING,Thu 14:00-14:50,1,FE,English,,,
FHSS,MCOM,MCOM1013,"New Media, Culture and Society (1002)",3,Dr. Qidong YUN,Fri 10:00-11:50,2,FE,English,,,
FHSS,MCOM,MCOM1013,"New Media, Culture and Society (1002)",3,Dr. Qidong YUN,Tue 13:00-13:50,1,FE,English,,,
FHSS,MCOM,MCOM2013,Communication Theories I (1001),3,Dr. Jesse Owen HEARNS-BRANAMAN,Tue 10:00-11:50,2,MR,English,,,
FHSS,MCOM,MCOM2013,Communication Theories I (1001),3,Dr. Jesse Owen HEARNS-BRANAMAN,Mon 11:00-11:50,1,MR,English,,,
FHSS,MCOM,MCOM2013,Communication Theories I (1002),3,Dr. Dianjing LI,Tue 10:00-11:50,2,MR,English,,,
FHSS,MCOM,MCOM2013,Communication Theories I (1002),3,Dr. Dianjing LI,Mon 11:00-11:50,1,MR,English,,,
FHSS,MCOM,MCOM2033,Foundations of News and Feature Reporting (1004),3,Dr. Anilesh KUMAR,Tue 8:00-9:50,2,FE,English,,,
FHSS,MCOM,MCOM2033,Foundations of News and Feature Reporting (1004),3,Dr. Anilesh KUMAR,Thu 13:00-13:50,1,FE,English,,,
FHSS,MCOM,MCOM2033,Foundations of News and Feature Reporting (1003),3,Dr. Edgar Kee-Wang YUEN,Wed 9:00-11:50,3,MR,English,,,
FHSS,MCOM,MCOM2033,Foundations of News and Feature Reporting (1001),3,Ms. Jocelyn Ann FORD,Mon 9:00-10:50,2,MR,English,,,
FHSS,MCOM,MCOM2033,Foundations of News and Feature Reporting (1001),3,Ms. Jocelyn Ann FORD,Fri 13:00-13:50,1,MR,English,,,
FHSS,MCOM,MCOM2033,Foundations of News and Feature Reporting (1002),3,Ms. Ningzi PIAO,Fri 15:00-16:50,2,MR,English,,,
FHSS,MCOM,MCOM2033,Foundations of News and Feature Reporting (1002),3,Ms. Ningzi PIAO,Wed 10:00-10:50,1,MR,English,,,
FHSS,MCOM,MCOM2063,Foundation of Photojournalism (1001),3,Ms. Fei DAI,Fri 10:00-11:50,2,FE,English,,,
FHSS,MCOM,MCOM2063,Foundation of Photojournalism (1001),3,Ms. Fei DAI,Tue 13:00-13:50,1,FE,English,,,
FHSS,MCOM,MCOM3003,Media in China (1001),3,Dr. Yiwei LI & Ms. Fei DAI & Dr. Qidong YUN,Mon 15:00-16:50,2,MR,English,,,
FHSS,MCOM,MCOM3003,Media in China (1001),3,Dr. Yiwei LI & Ms. Fei DAI & Dr. Qidong YUN,Thu 11:00-11:50,1,MR,English,,,
FHSS,MCOM,MCOM3003,Media in China (1002),3,Dr. Yiwei LI & Ms. Fei DAI & Dr. Qidong YUN,Mon 15:00-16:50,2,MR,English,,,
FHSS,MCOM,MCOM3003,Media in China (1002),3,Dr. Yiwei LI & Ms. Fei DAI & Dr. Qidong YUN,Wed 13:00-13:50,1,MR,English,,,
FHSS,MCOM,MCOM3003,Media in China (1003),3,Dr. Yiwei LI & Ms. Fei DAI & Dr. Qidong YUN,Mon 15:00-16:50,2,MR,English,,,
FHSS,MCOM,MCOM3003,Media in China (1003),3,Dr. Yiwei LI & Ms. Fei DAI & Dr. Qidong YUN,Tue 14:00-14:50,1,MR,English,,,
FHSS,MCOM,MCOM3063,Social Media Analytics (1001),3,Dr. Qidong YUN,Tue 15:00-16:50,2,ME,English,,,
FHSS,MCOM,MCOM3063,Social Media Analytics (1001),3,Dr. Qidong YUN,Fri 9:00-9:50,1,ME,English,,,
FHSS,MCOM,MCOM3093,Media Research Methods (1001),3,Prof. Lin ZHU & Dr. Yiwei LI & Dr. Lai Fong YANG,Mon 9:00-10:50,2,MR,English,,,
FHSS,MCOM,MCOM3093,Media Research Methods (1001),3,Prof. Lin ZHU & Dr. Yiwei LI & Dr. Lai Fong YANG,Wed 11:00-11:50,1,MR,English,,,
FHSS,MCOM,MCOM3093,Media Research Methods (1001),3,Prof. Lin ZHU & Dr. Yiwei LI & Dr. Lai Fong YANG,Mon 17:00-17:50,1,MR,English,,,
FHSS,MCOM,MCOM3093,Media Research Methods (1002),3,Prof. Lin ZHU & Dr. Yiwei LI & Dr. Lai Fong YANG,Mon 9:00-10:50,2,MR,English,,,
FHSS,MCOM,MCOM3093,Media Research Methods (1002),3,Prof. Lin ZHU & Dr. Yiwei LI & Dr. Lai Fong YANG,Fri 13:00-13:50,1,MR,English,,,
FHSS,MCOM,MCOM3093,Media Research Methods (1003),3,Prof. Lin ZHU & Dr. Yiwei LI & Dr. Lai Fong YANG,Mon 9:00-10:50,2,MR,English,,,
FHSS,MCOM,MCOM3093,Media Research Methods (1003),3,Prof. Lin ZHU & Dr. Yiwei LI & Dr. Lai Fong YANG,Fri 14:00-14:50,1,MR,English,,,
FHSS,MCOM,MCOM3163,Study on Intercultural Communication Issues (1001),3,Prof. Lin ZHU,Mon 13:00-14:50,2,FE,English,,,
FHSS,MCOM,MCOM3163,Study on Intercultural Communication Issues (1001),3,Prof. Lin ZHU,Thu 14:00-14:50,1,FE,English,,,
FHSS,MCOM,MCOM3173,"Gender, Identity and the Media (1001)",3,Dr. Yilin WANG,Fri 10:00-11:50,2,FE,English,,,
FHSS,MCOM,MCOM3173,"Gender, Identity and the Media (1001)",3,Dr. Yilin WANG,Tue 13:00-13:50,1,FE,English,,,
FHSS,MCOM,MCOM3253,Theory and Practice of Online Video (1001),3,Dr. Yilin WANG,Tue 10:00-11:50,2,ME,English,,,
FHSS,MCOM,MCOM3253,Theory and Practice of Online Video (1001),3,Dr. Yilin WANG,Thu 16:00-16:50,1,ME,English,,,
FHSS,MCOM,MCOM4063,Business and Financial Reporting (1001),3,Dr. Vincent Hing Po LAM,Fri 10:00-11:50,2,FE,English,,,
FHSS,MCOM,MCOM4063,Business and Financial Reporting (1001),3,Dr. Vincent Hing Po LAM,Tue 13:00-13:50,1,FE,English,,,
FHSS,MCOM,MCOM4093,Technoculture (1001),3,Prof. Holger Mathias BRIEL,Wed 18:00-20:50,3,ME,English,,,
FHSS,PRA,COMM2033,Persuasion and Social Influence (1001),3,Dr. Fan HU,Wed 9:00-10:50,2,ME,English,,,
FHSS,PRA,COMM2033,Persuasion and Social Influence (1001),3,Dr. Fan HU,Thu 15:00-15:50,1,ME,English,,,
FHSS,PRA,COMM2043,Introduction to Visual Communication (1001),3,Ms. Giselle Zhixin PU,Tue 8:00-9:50,2,FE,English,,,
FHSS,PRA,COMM2043,Introduction to Visual Communication (1001),3,Ms. Giselle Zhixin PU,Thu 13:00-13:50,1,FE,English,,,
FHSS,PRA,COMM3003,Communication Research (1002),3,Dr. Kok Shiong PONG,Mon 15:00-16:50,2,MR,English,,,
FHSS,PRA,COMM3003,Communication Research (1002),3,Dr. Kok Shiong PONG,Thu 16:00-16:50,1,MR,English,,,
FHSS,PRA,COMM3003,Communication Research (1003),3,Dr. Serene Runping ZHU,Thu 9:00-11:50,3,MR,English,,,
FHSS,PRA,COMM3003,Communication Research (1001),3,Dr. Yuanxin WANG,Thu 15:00-16:50,2,MR,English,,,
FHSS,PRA,COMM3003,Communication Research (1001),3,Dr. Yuanxin WANG,Tue 11:00-11:50,1,MR,English,,,
FHSS,PRA,COMM3013,Introduction to Fashion Communication (1001),3,Dr. Chally Chai Lee LIM,Thu 9:00-10:50,2,ME,English,,,
FHSS,PRA,COMM3013,Introduction to Fashion Communication (1001),3,Dr. Chally Chai Lee LIM,Mon 11:00-11:50,1,ME,English,,,
FHSS,PRA,COMM3033,Social Media Communication (1001),3,Dr. Yuanxin WANG,Thu 9:00-10:50,2,ME,English,,,
FHSS,PRA,COMM3033,Social Media Communication (1001),3,Dr. Yuanxin WANG,Mon 11:00-11:50,1,ME,English,,,
FHSS,PRA,COMM3043,Public Affairs and Communication (1001),3,Dr. Maggie Xiaomeng LAN,Tue 15:00-16:50,2,ME,English,,,
FHSS,PRA,COMM3043,Public Affairs and Communication (1001),3,Dr. Maggie Xiaomeng LAN,Thu 18:00-18:50,1,ME,English,,,
FHSS,PRA,COMM3113,Sustainability and Communication (1001),3,Dr. Songming FENG,Thu 9:00-10:50,2,ME,English,,,
FHSS,PRA,COMM3113,Sustainability and Communication (1001),3,Dr. Songming FENG,Mon 11:00-11:50,1,ME,English,,,
FHSS,PRA,GTCU2073,Media and Health Communication (1001),3,Dr. Maggie Xiaomeng LAN,Mon 13:00-14:50,2,GE2021,English,,,
FHSS,PRA,GTCU2073,Media and Health Communication (1001),3,Dr. Maggie Xiaomeng LAN,Thu 14:00-14:50,1,GE2021,English,,,
FHSS,PRA,MCOM3043,"Culture, Media and Tourism (1001)",3,Dr. Kok Shiong PONG,Wed 9:00-10:50,2,ME,English,,,
FHSS,PRA,MCOM3043,"Culture, Media and Tourism (1001)",3,Dr. Kok Shiong PONG,Thu 15:00-15:50,1,ME,English,,,
FHSS,PRA,PRA2003,Principles of Public Relations (1001),3,Dr. Joseph Joo Suk PARK,Mon 15:00-16:50,2,MR,English,,,
FHSS,PRA,PRA2003,Principles of Public Relations (1001),3,Dr. Joseph Joo Suk PARK,Fri 9:00-9:50,1,MR,English,,,
FHSS,PRA,PRA2003,Principles of Public Relations (1002),3,Dr. Minqin MA,Thu 15:00-16:50,2,MR,English,,,
FHSS,PRA,PRA2003,Principles of Public Relations (1002),3,Dr. Minqin MA,Fri 14:00-14:50,1,MR,English,,,
FHSS,PRA,PRA2003,Principles of Public Relations (1003),3,Ms. Giselle Zhixin PU,Wed 9:00-10:50,2,MR,English,,,
FHSS,PRA,PRA2003,Principles of Public Relations (1003),3,Ms. Giselle Zhixin PU,Wed 11:00-11:50,1,MR,English,,,
FHSS,PRA,PRA2013,Principles of Advertising (1001),3,Dr. Xiaoshan LI,Fri 10:00-11:50,2,FE,English,,,
FHSS,PRA,PRA2013,Principles of Advertising (1001),3,Dr. Xiaoshan LI,Tue 13:00-13:50,1,FE,English,,,
FHSS,PRA,PRA2033,Computer Visual Design (1001),3,Mr. Yaming LIU,Tue 18:00-20:50,3,MR,English,,,
FHSS,PRA,PRA2033,Computer Visual Design (1002),3,Mr. Yaming LIU,Wed 18:00-20:50,3,MR,English,,,
FHSS,PRA,PRA2033,Computer Visual Design (1003),3,Mr. Yaming LIU,Thu 18:00-20:50,3,MR,English,,,
FHSS,PRA,PRA3003,Consumer Behaviour (1002),3,Dr. Joseph Joo Suk PARK,Tue 14:00-15:50,2,MR,English,,,
FHSS,PRA,PRA3003,Consumer Behaviour (1002),3,Dr. Joseph Joo Suk PARK,Fri 15:00-15:50,1,MR,English,,,
FHSS,PRA,PRA3003,Consumer Behaviour (1001),3,Dr. Songming FENG,Mon 15:00-16:50,2,MR,English,,,
FHSS,PRA,PRA3003,Consumer Behaviour (1001),3,Dr. Songming FENG,Fri 15:00-15:50,1,MR,English,,,
FHSS,PRA,PRA3003,Consumer Behaviour (1003),3,Dr. Xiaoshan LI,Tue 15:00-16:50,2,MR,English,,,
FHSS,PRA,PRA3003,Consumer Behaviour (1003),3,Dr. Xiaoshan LI,Wed 11:00-11:50,1,MR,English,,,
FHSS,PRA,PRA2053,Cases Studies in Public Relations and Advertising (1001),3,Dr. Fan HU,Fri 10:00-11:50,2,FE,English,,,
FHSS,PRA,PRA2053,Cases Studies in Public Relations and Advertising (1001),3,Dr. Fan HU,Tue 13:00-13:50,1,FE,English,,,
FHSS,PRA,PRA4013,Special Topics in Public Relations and Advertising (1001),3,Dr. Fan HU,Tue 15:00-16:50,2,ME,English,,,
FHSS,PRA,PRA4013,Special Topics in Public Relations and Advertising (1001),3,Dr. Fan HU,Fri 9:00-9:50,1,ME,English,,,
FST,AI,AI2003,Data Structures and Algorithm Analysis (1002),3,AI New Teacher 1,Wed 8:00-9:50,2,MR,English,,,
FST,AI,AI2003,Data Structures and Algorithm Analysis (1002),3,AI New Teacher 1,Thu 15:00-15:50,1,MR,English,,,
FST,AI,AI2013,Introduction to Artificial Intelligence (1002),3,AI New Teacher 1,Tue 14:00-16:50,3,MR,English,,,
FST,AI,AI3003,Neural Networks and Deep Learning (1001),3,Dr. Wentao FAN,Mon 10:00-11:50,2,MR,English,,,
FST,AI,AI3003,Neural Networks and Deep Learning (1001),3,Dr. Wentao FAN,Wed 11:00-11:50,1,MR,English,,,
FST,AI,AI3043,Bayesian Networks (1001),3,Dr. Monica Wen CHEN,Fri 14:00-15:50,2,ME,English,,,
FST,AI,AI3043,Bayesian Networks (1001),3,Dr. Monica Wen CHEN,Tue 14:00-14:50,1,ME,English,,,
FST,AI,AI3103,Regression Analysis (1001),3,Dr. Monica Wen CHEN,Thu 15:00-16:50,2,ME,English,,,
FST,AI,AI3103,Regression Analysis (1001),3,Dr. Monica Wen CHEN,Mon 15:00-15:50,1,ME,English,,,
FST,AI,AI3143,Computer Vision (1001),3,Dr. Wentao CHENG,Tue 15:00-16:50,2,ME,English,,,
FST,AI,AI3143,Computer Vision (1001),3,Dr. Wentao CHENG,Fri 13:00-13:50,1,ME,English,,,
FST,AI,COMP2003,Data Structures and Algorithms (1002),3,Dr. Xiao DONG,Fri 15:00-16:50,2,MR,English,,,
FST,AI,COMP2003,Data Structures and Algorithms (1002),3,Dr. Xiao DONG,Tue 10:00-10:50,1,MR,English,,,
FST,AI,COMP2003,Data Structures and Algorithms (1005),3,Dr. Xiao DONG,Fri 15:00-16:50,2,FE,English,,,
FST,AI,COMP2003,Data Structures and Algorithms (1005),3,Dr. Xiao DONG,Tue 10:00-10:50,1,FE,English,,,
FST,AI,COMP3013,Database Management Systems (1003),3,Dr. Tianhui MENG,Tue 16:00-17:50,2,MR,English,,,
FST,AI,COMP3013,Database Management Systems (1003),3,Dr. Tianhui MENG,Fri 9:00-9:50,1,MR,English,,,
FST,AI,COMP3173,Compiler Construction (1002),3,Dr. Wentao CHENG,Wed 10:00-11:50,2,MR,English,,,
FST,AI,COMP3173,Compiler Construction (1002),3,Dr. Wentao CHENG,Tue 11:00-11:50,1,MR,English,,,
FST,AI,COMP3173,Compiler Construction (1003),3,Dr. Monica Wen CHEN,Mon 10:00-11:50,2,MR,English,,,
FST,AI,COMP3173,Compiler Construction (1003),3,Dr. Monica Wen CHEN,Tue 10:00-10:50,1,MR,English,,,
FST,AI,COMP3213,Internet of Things (1001),3,Dr. Weipeng ZHUO,Mon 16:00-17:50,2,ME,English,,,
FST,AI,COMP3213,Internet of Things (1001),3,Dr. Weipeng ZHUO,Wed 13:00-13:50,1,ME,English,,,
FST,AI,COMP4213,Wireless Communication and Mobile Computing (1001),3,Dr. Weipeng ZHUO,Tue 15:00-16:50,2,ME,English,,,
FST,AI,COMP4213,Wireless Communication and Mobile Computing (1001),3,Dr. Weipeng ZHUO,Fri 13:00-13:50,1,ME,English,,,
FST,AI,COMP4253,AI-Generated Content (1001),3,Dr. Tianhui MENG,Mon 16:00-17:50,2,ME,English,,,
FST,AI,COMP4253,AI-Generated Content (1001),3,Dr. Tianhui MENG,Wed 13:00-13:50,1,ME,English,,,
FST,AI,DS4023,Machine Learning (1003),3,Dr. Weipeng ZHUO,Wed 9:00-10:50,2,MR,English,,,
FST,AI,DS4023,Machine Learning (1003),3,Dr. Weipeng ZHUO,Tue 17:00-17:50,1,MR,English,,,
FST,AI,DS4023,Machine Learning (1001),3,Dr. Simon Zongwei LUO,Tue 10:00-11:50,2,MR,English,,,
FST,AI,DS4023,Machine Learning (1001),3,Dr. Simon Zongwei LUO,Thu 11:00-11:50,1,MR,English,,,
FST,AI,DS4023,Machine Learning (1004),3,Dr. Simon Zongwei LUO,Tue 10:00-11:50,2,FE,English,,,
FST,AI,DS4023,Machine Learning (1004),3,Dr. Simon Zongwei LUO,Thu 11:00-11:50,1,FE,English,,,
FST,AI,DS4073,Introduction to Data Visualisation (1001),3,Dr. Xiao DONG,Thu 15:00-16:50,2,ME,English,,,
FST,AI,DS4073,Introduction to Data Visualisation (1001),3,Dr. Xiao DONG,Thu 9:00-9:50,1,ME,English,,,
FST,AI,DS4073,Introduction to Data Visualisation (1002),3,Dr. Xiao DONG,Fri 10:00-11:50,2,FE,English,,,
FST,AI,DS4073,Introduction to Data Visualisation (1002),3,Dr. Xiao DONG,Tue 13:00-13:50,1,FE,English,,,
FST,AI,DS4083,Big Data Analytics (1001),3,Dr. Simon Zongwei LUO,Tue 8:00-9:50,2,FE,English,,,
FST,AI,DS4083,Big Data Analytics (1001),3,Dr. Simon Zongwei LUO,Thu 13:00-13:50,1,FE,English,,,
FST,AM,COMP2003,Data Structures and Algorithms (1006),3,Dr. Xucheng MENG,Mon 16:00-17:50,2,MR,English,,,
FST,AM,COMP2003,Data Structures and Algorithms (1006),3,Dr. Xucheng MENG,Thu 17:00-17:50,1,MR,English,,,
FST,AM,MATH1003,Linear Algebra (1003),3,Dr. Xiaofeng CAI,Mon 9:00-10:50,2,MR,English,,,
FST,AM,MATH1003,Linear Algebra (1003),3,Dr. Xiaofeng CAI,Fri 16:00-16:50,1,MR,English,,,
FST,AM,MATH1003,Linear Algebra (1004),3,Dr. Chen WANG,Mon 16:00-17:50,2,MR,English,,,
FST,AM,MATH1003,Linear Algebra (1004),3,Dr. Chen WANG,Tue 10:00-10:50,1,MR,English,,,
FST,AM,MATH1053,Linear Algebra I (1001),3,Prof. Weiwei SUN,Tue 14:00-15:50,2,MR,English,,,
FST,AM,MATH1053,Linear Algebra I (1001),3,Prof. Weiwei SUN,Thu 9:00-10:50,2,MR,English,,,
FST,AM,MATH1053,Linear Algebra I (1003),3,Prof. Yuliang WANG,Tue 15:00-16:50,2,MR,English,,,
FST,AM,MATH1053,Linear Algebra I (1003),3,Prof. Yuliang WANG,Thu 15:00-16:50,2,MR,English,,,
FST,AM,MATH1073,Calculus I (1001),3,Prof. Yana DI,Mon 15:00-16:50,2,MR,English,,,
FST,AM,MATH1073,Calculus I (1001),3,Prof. Yana DI,Thu 15:00-16:50,2,MR,English,,,
FST,AM,MATH1073,Calculus I (1002),3,Dr. Xiaoyi CHEN,Wed 9:00-10:50,2,MR,English,,,
FST,AM,MATH1073,Calculus I (1002),3,Dr. Xiaoyi CHEN,Mon 11:00-11:50,1,MR,English,,,
FST,AM,MATH1103,Calculus (1001),3,Dr. Xiaoyi CHEN,Tue 8:00-9:50,2,FE/MATH,English,,,
FST,AM,MATH1103,Calculus (1001),3,Dr. Xiaoyi CHEN,Thu 13:00-13:50,1,FE/MATH,English,,,
FST,AM,MATH1103,Calculus (1002),3,Dr. Wonjung LEE,Mon 13:00-14:50,2,FE/MATH,English,,,
FST,AM,MATH1103,Calculus (1002),3,Dr. Wonjung LEE,Thu 14:00-14:50,1,FE/MATH,English,,,
FST,AM,MATH1103,Calculus (1003),3,Dr. Jiaqi ZHANG,Fri 10:00-11:50,2,FE/MATH,English,,,
FST,AM,MATH1103,Calculus (1003),3,Dr. Jiaqi ZHANG,Tue 13:00-13:50,1,FE/MATH,English,,,
FST,AM,MATH1113,Fundamental Mathematics (1001),3,Dr. Scott Sicong ZHANG,Mon 13:00-14:50,2,FE/MATH,English,,,
FST,AM,MATH1113,Fundamental Mathematics (1001),3,Dr. Scott Sicong ZHANG,Thu 14:00-14:50,1,FE/MATH,English,,,
FST,AM,MATH1123,Calculus for Science and Engineering (1004),3,Dr. Xucheng MENG,Tue 16:00-17:50,2,MR,English,,,
FST,AM,MATH1123,Calculus for Science and Engineering (1004),3,Dr. Xucheng MENG,Mon 15:00-15:50,1,MR,English,,,
FST,AM,MATH1163,Advanced Calculus (1001),3,Dr. Xiaofeng CAI,Tue 8:00-9:50,2,FE,English,,,
FST,AM,MATH1163,Advanced Calculus (1001),3,Dr. Xiaofeng CAI,Thu 13:00-13:50,1,FE,English,,,
FST,AM,MATH2043,Ordinary Differential Equations (1001),3,Dr. Chen WANG,Thu 10:00-11:50,2,MR,English,,,
FST,AM,MATH2043,Ordinary Differential Equations (1001),3,Dr. Chen WANG,Mon 9:00-9:50,1,MR,English,,,
FST,AM,MATH2043,Ordinary Differential Equations (1003),3,Dr. Jiaqi ZHANG,Tue 16:00-17:50,2,MR,English,,,
FST,AM,MATH2043,Ordinary Differential Equations (1003),3,Dr. Jiaqi ZHANG,Mon 15:00-15:50,1,MR,English,,,
FST,AM,MATH2053,Mathematical Analysis (1001),3,Dr. Scott Sicong ZHANG,Tue 15:00-16:50,2,MR,English,,,
FST,AM,MATH2053,Mathematical Analysis (1001),3,Dr. Scott Sicong ZHANG,Thu 9:00-9:50,1,MR,English,,,
FST,AM,MATH3143,Differential Geometry (1001),3,Dr. Scott Sicong ZHANG,Tue 10:00-11:50,2,ME,English,,,
FST,AM,MATH3143,Differential Geometry (1001),3,Dr. Scott Sicong ZHANG,Fri 15:00-15:50,1,ME,English,,,
FST,AM,MATH3173,Applied Stochastic Process (1002),3,Dr. Fan BAI,Mon 10:00-11:50,2,MR,English,,,
FST,AM,MATH3173,Applied Stochastic Process (1002),3,Dr. Fan BAI,Fri 9:00-9:50,1,MR,English,,,
FST,AM,MATH3173,Applied Stochastic Process (1004),3,Dr. Fan BAI,Mon 10:00-11:50,2,ME,English,,,
FST,AM,MATH3173,Applied Stochastic Process (1004),3,Dr. Fan BAI,Fri 9:00-9:50,1,ME,English,,,
FST,AM,MATH4093,Complex Analysis (1001),3,Prof. Viktor DIDENKO,Fri 13:00-14:50,2,MR,English,,,
FST,AM,MATH4093,Complex Analysis (1001),3,Prof. Viktor DIDENKO,Thu 9:00-9:50,1,MR,English,,,
FST,AM,MATH4103,Mathematical Modelling (1001),3,Dr. Wonjung LEE,Tue 14:00-16:50,3,MR,English,,,
FST,AM,STAT2063,Probability Theory (1001),3,Prof. Yuliang WANG,Mon 10:00-11:50,2,MR,English,,,
FST,AM,STAT2063,Probability Theory (1001),3,Prof. Yuliang WANG,Wed 10:00-11:50,2,MR,English,,,
FST,AM,STAT2063,Probability Theory (1003),3,Dr. Fan BAI,Tue 14:00-15:50,2,MR,English,,,
FST,AM,STAT2063,Probability Theory (1003),3,Dr. Fan BAI,Thu 9:00-9:50,1,MR,English,,,
FST,APSY,PSY2023,Social Psychology (1001),3,Dr. Solna Linna XING,Fri 10:00-11:50,2,FE,English,,,
FST,APSY,PSY2023,Social Psychology (1001),3,Dr. Solna Linna XING,Tue 13:00-13:50,1,FE,English,,,
FST,APSY,PSY2023,Social Psychology (1002),3,Dr. Solna Linna XING,Fri 10:00-11:50,2,FE,English,,,
FST,APSY,PSY2023,Social Psychology (1002),3,Dr. Solna Linna XING,Tue 13:00-13:50,1,FE,English,,,
FST,APSY,PSY2043,Introduction to Psychology (1003),3,Dr. Yawei GUO,Mon 13:00-14:50,2,FE,English,,,
FST,APSY,PSY2043,Introduction to Psychology (1003),3,Dr. Yawei GUO,Thu 14:00-14:50,1,FE,English,,,
FST,APSY,PSY2043,Introduction to Psychology (1004),3,Dr. Mo ZHENG,Fri 10:00-11:50,2,FE,English,,,
FST,APSY,PSY2043,Introduction to Psychology (1004),3,Dr. Mo ZHENG,Tue 13:00-13:50,1,FE,English,,,
FST,APSY,PSY2043,Introduction to Psychology (1005),3,Dr. Solna Linna XING,Mon 13:00-14:50,2,FE,English,,,
FST,APSY,PSY2043,Introduction to Psychology (1005),3,Dr. Solna Linna XING,Thu 14:00-14:50,1,FE,English,,,
FST,APSY,PSY2043,Introduction to Psychology (1006),3,Dr. Jenny Zhenzhi YANG,Fri 10:00-11:50,2,FE,English,,,
FST,APSY,PSY2043,Introduction to Psychology (1006),3,Dr. Jenny Zhenzhi YANG,Tue 13:00-13:50,1,FE,English,,,
FST,APSY,PSY3003,Theories of Human Personality (1003),3,Dr. Mo ZHENG,Tue 15:00-16:50,2,FE,English,,,
FST,APSY,PSY3003,Theories of Human Personality (1003),3,Dr. Mo ZHENG,Wed 9:00-9:50,1,FE,English,,,
FST,APSY,PSY3003,Theories of Human Personality (1004),3,Dr. Raine RongRong CHEN,Wed 10:00-11:50,2,FE,English,,,
FST,APSY,PSY3003,Theories of Human Personality (1004),3,Dr. Raine RongRong CHEN,Fri 15:00-15:50,1,FE,English,,,
FST,APSY,PSY3013,Theories of Learning (1003),3,Dr. Yawei GUO,Thu 9:00-10:50,2,FE,English,,,
FST,APSY,PSY3013,Theories of Learning (1003),3,Dr. Yawei GUO,Tue 17:00-17:50,1,FE,English,,,
FST,APSY,PSY3013,Theories of Learning (1004),3,Dr. Solna Linna XING,Fri 13:00-14:50,2,FE,English,,,
FST,APSY,PSY3013,Theories of Learning (1004),3,Dr. Solna Linna XING,Mon 17:00-17:50,1,FE,English,,,
FST,APSY,PSY3063,Psychology of Cultural Diversity (1003),3,Dr. Alan Wai-Lun LAI,Thu 15:00-16:50,2,FE,English,,,
FST,APSY,PSY3063,Psychology of Cultural Diversity (1003),3,Dr. Alan Wai-Lun LAI,Fri 9:00-9:50,1,FE,English,,,
FST,APSY,PSY3063,Psychology of Cultural Diversity (1004),3,Dr. Mo ZHENG,Fri 15:00-16:50,2,FE,English,,,
FST,APSY,PSY3063,Psychology of Cultural Diversity (1004),3,Dr. Mo ZHENG,Wed 13:00-13:50,1,FE,English,,,
FST,APSY,PSY3073,Experimental Psychology (1002),3,Dr. Raine RongRong CHEN,Tue 10:00-11:50,2,FE,English,,,
FST,APSY,PSY3073,Experimental Psychology (1002),3,Dr. Raine RongRong CHEN,Fri 9:00-9:50,1,FE,English,,,
FST,APSY,PSY3133,History and Systems in Psychology (1004),3,Prof. Johnston Hong-Chung WONG,Wed 10:00-11:50,2,FE,English,,,
FST,APSY,PSY3133,History and Systems in Psychology (1004),3,Prof. Johnston Hong-Chung WONG,Mon 9:00-9:50,1,FE,English,,,
FST,APSY,PSY3133,History and Systems in Psychology (1003),3,Prof. Johnston Hong-Chung WONG,Fri 13:00-14:50,2,FE,English,,,
FST,APSY,PSY3133,History and Systems in Psychology (1003),3,Prof. Johnston Hong-Chung WONG,Tue 15:00-15:50,1,FE,English,,,
FST,CST,AI1003,Python Programming (1001),3,Prof. Weifeng SU,Wed 9:00-11:50,3,MR,English,,,
FST,CST,AI1003,Python Programming (1002),3,Dr. Chunyan JI,Thu 9:00-11:50,3,MR,English,,,
FST,CST,AI2003,Data Structures and Algorithm Analysis (1001),3,Dr. Jing ZHAO,Thu 8:00-9:50,2,MR,English,,,
FST,CST,AI2003,Data Structures and Algorithm Analysis (1001),3,Dr. Jing ZHAO,Tue 14:00-14:50,1,MR,English,,,
FST,CST,AI2013,Introduction to Artificial Intelligence (1001),3,Dr. Raymond Shu Tak LEE,Tue 15:00-17:50,3,MR,English,,,
FST,CST,AI3033,Introduction to Robotics (1001),3,Ms. Yanyan JI,Fri 14:00-15:50,2,ME,English,,,
FST,CST,AI3033,Introduction to Robotics (1001),3,Ms. Yanyan JI,Tue 14:00-14:50,1,ME,English,,,
FST,CST,AI3073,Introduction to Bioinformatics (1001),3,Dr. Jiaxing CHEN,Tue 15:00-16:50,2,ME,English,,,
FST,CST,AI3073,Introduction to Bioinformatics (1001),3,Dr. Jiaxing CHEN,Fri 13:00-13:50,1,ME,English,,,
FST,CST,AI3133,Natural Language Processing (1001),3,Dr. Raymond Shu Tak LEE,Thu 15:00-16:50,2,ME,English,,,
FST,CST,AI3133,Natural Language Processing (1001),3,Dr. Raymond Shu Tak LEE,Mon 15:00-15:50,1,ME,English,,,
FST,CST,AI3163,Computer Architecture and Operating Systems (1001),3,Dr. Damien Jean Maxime MAZEAS,Tue 10:00-11:50,2,MR,English,,,
FST,CST,AI3163,Computer Architecture and Operating Systems (1001),3,Dr. Damien Jean Maxime MAZEAS,Fri 9:00-9:50,1,MR,English,,,
FST,CST,COMP1003,Computer Organisation (1001),3,Prof. Haipeng GUO,Tue 14:00-15:50,2,MR,English,,,
FST,CST,COMP1003,Computer Organisation (1001),3,Prof. Haipeng GUO,Fri 17:00-17:50,1,MR,English,,,
FST,CST,COMP1023,Foundations of C Programming (1001),3,Dr. Judy Xin FENG,Tue 15:00-16:50,2,MR,English,,,
FST,CST,COMP1023,Foundations of C Programming (1001),3,Dr. Judy Xin FENG,Fri 14:00-15:50,2,MR,English,,,
FST,CST,COMP1023,Foundations of C Programming (1002),3,Dr. Chunyan JI,Wed 10:00-11:50,2,MR,English,,,
FST,CST,COMP1023,Foundations of C Programming (1002),3,Dr. Chunyan JI,Fri 13:00-14:50,2,MR,English,,,
FST,CST,COMP1023,Foundations of C Programming (1008),3,Dr. Judy Xin FENG,Mon 13:00-14:50,2,FE,English,,,
FST,CST,COMP1023,Foundations of C Programming (1008),3,Dr. Judy Xin FENG,Thu 14:00-14:50,1,FE,English,,,
FST,CST,COMP1043,Competitive Programming (1001),3,Dr. Jiaxing CHEN,Fri 10:00-11:50,2,FE,English,,,
FST,CST,COMP1043,Competitive Programming (1001),3,Dr. Jiaxing CHEN,Tue 13:00-13:50,1,FE,English,,,
FST,CST,COMP2003,Data Structures and Algorithms (1003),3,Prof. Amy Hui ZHANG,Fri 15:00-16:50,2,MR,English,,,
FST,CST,COMP2003,Data Structures and Algorithms (1003),3,Prof. Amy Hui ZHANG,Wed 13:00-13:50,1,MR,English,,,
FST,CST,COMP2003,Data Structures and Algorithms (1001),3,Dr. Jianxiong GUO,Fri 13:00-14:50,2,MR,English,,,
FST,CST,COMP2003,Data Structures and Algorithms (1001),3,Dr. Jianxiong GUO,Wed 13:00-13:50,1,MR,English,,,
FST,CST,COMP2003,Data Structures and Algorithms (1004),3,Dr. Jianxiong GUO,Fri 13:00-14:50,2,FE,English,,,
FST,CST,COMP2003,Data Structures and Algorithms (1004),3,Dr. Jianxiong GUO,Wed 13:00-13:50,1,FE,English,,,
FST,CST,COMP3013,Database Management Systems (1001),3,Dr. Goliath Zhiyuan LI,Thu 15:00-16:50,2,MR,English,,,
FST,CST,COMP3013,Database Management Systems (1001),3,Dr. Goliath Zhiyuan LI,Mon 15:00-15:50,1,MR,English,,,
FST,CST,COMP3013,Database Management Systems (1002),3,Dr. Jefferson FONG,Wed 10:00-11:50,2,MR,English,,,
FST,CST,COMP3013,Database Management Systems (1002),3,Dr. Jefferson FONG,Thu 17:00-17:50,1,MR,English,,,
FST,CST,COMP3013,Database Management Systems (1004),3,Dr. Goliath Zhiyuan LI,Thu 15:00-16:50,2,FE,English,,,
FST,CST,COMP3013,Database Management Systems (1004),3,Dr. Goliath Zhiyuan LI,Mon 15:00-15:50,1,FE,English,,,
FST,CST,COMP3013,Database Management Systems (1005),3,Dr. Jefferson FONG,Wed 10:00-11:50,2,FE,English,,,
FST,CST,COMP3013,Database Management Systems (1005),3,Dr. Jefferson FONG,Thu 17:00-17:50,1,FE,English,,,
FST,CST,COMP3073,Introduction to Robotics (1002),3,Prof. Qingguo WANG,Thu 15:00-16:50,2,ME,English,,,
FST,CST,COMP3073,Introduction to Robotics (1002),3,Prof. Qingguo WANG,Mon 15:00-15:50,1,ME,English,,,
FST,CST,COMP3173,Compiler Construction (1001),3,Dr. Goliath Zhiyuan LI,Wed 10:00-11:50,2,MR,English,,,
FST,CST,COMP3173,Compiler Construction (1001),3,Dr. Goliath Zhiyuan LI,Fri 9:00-9:50,1,MR,English,,,
FST,CST,COMP4003,Theory of Computation (1001),3,Dr. Goliath Zhiyuan LI,Mon 16:00-17:50,2,ME,English,,,
FST,CST,COMP4003,Theory of Computation (1001),3,Dr. Goliath Zhiyuan LI,Wed 13:00-13:50,1,ME,English,,,
FST,CST,COMP4043,Data Mining and Knowledge Discovery (1001),3,Prof. Hongjian SHI,Fri 14:00-15:50,2,ME,English,,,
FST,CST,COMP4043,Data Mining and Knowledge Discovery (1001),3,Prof. Hongjian SHI,Tue 14:00-14:50,1,ME,English,,,
FST,CST,COMP4083,"E-technology Architectures, Tools and Applications (1001)",3,Dr. Sunny Seon Phil JEONG,Tue 15:00-16:50,2,ME,English,,,
FST,CST,COMP4083,"E-technology Architectures, Tools and Applications (1001)",3,Dr. Sunny Seon Phil JEONG,Thu 19:00-19:50,1,ME,English,,,
FST,CST,COMP4093,Internet and the World Wide Web (1001),3,Dr. Ricky Yuen-Tan HOU,Thu 15:00-16:50,2,ME,English,,,
FST,CST,COMP4093,Internet and the World Wide Web (1001),3,Dr. Ricky Yuen-Tan HOU,Mon 15:00-15:50,1,ME,English,,,
FST,CST,COMP4163,Neural Networks and Deep Learning (1004),3,Dr. Jefferson FONG,Fri 14:00-15:50,2,ME,English,,,
FST,CST,COMP4163,Neural Networks and Deep Learning (1004),3,Dr. Jefferson FONG,Tue 14:00-14:50,1,ME,English,,,
FST,CST,COMP4223,Deep Learning for Computer Vision (1001),3,Prof. Amy Hui ZHANG,Tue 15:00-16:50,2,ME,English,,,
FST,CST,COMP4223,Deep Learning for Computer Vision (1001),3,Prof. Amy Hui ZHANG,Fri 13:00-13:50,1,ME,English,,,
FST,CST,COMP4243,Mathematical and Computing Methods (1001),3,Dr. Chenhao WANG,Mon 16:00-17:50,2,ME,English,,,
FST,CST,COMP4243,Mathematical and Computing Methods (1001),3,Dr. Chenhao WANG,Wed 13:00-13:50,1,ME,English,,,
FST,CST,DS4023,Machine Learning (1002),3,Dr. Jianxiong GUO,Mon 10:00-11:50,2,MR,English,,,
FST,CST,DS4023,Machine Learning (1002),3,Dr. Jianxiong GUO,Fri 9:00-9:50,1,MR,English,,,
FST,CST,DS4023,Machine Learning (1005),3,Dr. Jianxiong GUO,Mon 10:00-11:50,2,FE,English,,,
FST,CST,DS4023,Machine Learning (1005),3,Dr. Jianxiong GUO,Fri 9:00-9:50,1,FE,English,,,
FST,CST,GFQR1003,A Journey with Data (1001),3,Dr. Sunny Seon Phil JEONG,Mon 19:00-20:50,2,GE2021,English,,,
FST,CST,GFQR1003,A Journey with Data (1001),3,Dr. Sunny Seon Phil JEONG,Tue 13:00-13:50,1,GE2021,English,,,
FST,CST,GFQR1003,A Journey with Data (1002),3,Ms. Yanyan JI,Mon 13:00-14:50,2,GE2021,English,,,
FST,CST,GFQR1003,A Journey with Data (1002),3,Ms. Yanyan JI,Thu 14:00-14:50,1,GE2021,English,,,
FST,CST,GFQR1003,A Journey with Data (1003),3,Dr. Jefferson FONG,Tue 8:00-9:50,2,GE2021,English,,,
FST,CST,GFQR1003,A Journey with Data (1003),3,Dr. Jefferson FONG,Thu 13:00-13:50,1,GE2021,English,,,
FST,CST,GFQR1003,A Journey with Data (1004),3,Ms. Yanyan JI,Wed 14:00-15:50,2,GE2021,English,,,
FST,CST,GFQR1003,A Journey with Data (1004),3,Ms. Yanyan JI,Tue 13:00-13:50,1,GE2021,English,,,
FST,CST,GLD2053,"Global Digital Transformation: AI, IoT and Blockchain (1001)",3,Dr. Sunny Seon Phil JEONG,Thu 16:00-17:50,2,MR,English,,,
FST,CST,GLD2053,"Global Digital Transformation: AI, IoT and Blockchain (1001)",3,Dr. Sunny Seon Phil JEONG,Mon 15:00-15:50,1,MR,English,,,
FST,CST,GTSC2093,IT for Success in Everyday Life and Work (1001),3,Dr. Chunyan JI,Mon 9:00-11:50,3,GE2021,English,,,
FST,CST,GTSC2093,IT for Success in Everyday Life and Work (1002),3,Ms. Yanyan JI,Wed 9:00-11:50,3,GE2021,English,,,
FST,CST,GTSC2093,IT for Success in Everyday Life and Work (1003),3,Mr. Jing HE,Thu 9:00-11:50,3,GE2021,English,,,
FST,CST,GTSC2093,IT for Success in Everyday Life and Work (1004),3,Dr. Chenhao WANG,Wed 18:00-20:50,3,GE2021,English,,,
FST,CST,GTSC2093,IT for Success in Everyday Life and Work (1005),3,Dr. Damien Jean Maxime MAZEAS,Wed 18:00-20:50,3,GE2021,English,,,
FST,CST,MATH1123,Calculus for Science and Engineering (1003),3,Prof. Qingguo WANG,Tue 10:00-11:50,2,MR,English,,,
FST,CST,MATH1123,Calculus for Science and Engineering (1003),3,Prof. Qingguo WANG,Thu 11:00-11:50,1,MR,English,,,
FST,CST,MATH2003,Discrete Structures (1001),3,Dr. Judy Xin FENG,Fri 8:00-9:50,2,MR,English,,,
FST,CST,MATH2003,Discrete Structures (1001),3,Dr. Judy Xin FENG,Mon 10:00-10:50,1,MR,English,,,
FST,DS,AI2033,Probability and Statistics (1002),3,Mr. Tian TANG,Fri 10:00-11:50,2,FE,English,,,
FST,DS,AI2033,Probability and Statistics (1002),3,Mr. Tian TANG,Tue 13:00-13:50,1,FE,English,,,
FST,DS,COMP1023,Foundations of C Programming (1003),3,Dr. Donald Donglong CHEN,Wed 10:00-11:50,2,MR,English,,,
FST,DS,COMP1023,Foundations of C Programming (1003),3,Dr. Donald Donglong CHEN,Thu 15:00-16:50,2,MR,English,,,
FST,DS,COMP1023,Foundations of C Programming (1004),3,Prof. Zhe XUANYUAN,Tue 14:00-15:50,2,MR,English,,,
FST,DS,COMP1023,Foundations of C Programming (1004),3,Prof. Zhe XUANYUAN,Thu 15:00-16:50,2,MR,English,,,
FST,DS,COMP2003,Data Structures and Algorithms (1007),3,Prof. Zhe XUANYUAN,Tue 16:00-17:50,2,MR,English,,,
FST,DS,COMP2003,Data Structures and Algorithms (1007),3,Prof. Zhe XUANYUAN,Thu 11:00-11:50,1,MR,English,,,
FST,DS,COMP2003,Data Structures and Algorithms (1008),3,Dr. Rui MENG,Tue 16:00-17:50,2,MR,English,,,
FST,DS,COMP2003,Data Structures and Algorithms (1008),3,Dr. Rui MENG,Fri 13:00-13:50,1,MR,English,,,
FST,DS,COMP3023,Design and Analysis of Algorithms (1001),3,Dr. Rui MENG,Thu 10:00-11:50,2,MR,English,,,
FST,DS,COMP3023,Design and Analysis of Algorithms (1001),3,Dr. Rui MENG,Tue 10:00-10:50,1,MR,English,,,
FST,DS,COMP3023,Design and Analysis of Algorithms (1002),3,Dr. Xiaowen BI,Mon 10:00-11:50,2,MR,English,,,
FST,DS,COMP3023,Design and Analysis of Algorithms (1002),3,Dr. Xiaowen BI,Tue 10:00-10:50,1,MR,English,,,
FST,DS,COMP3083,Numerical Computation (1001),3,Mr. Tian TANG,Mon 16:00-17:50,2,ME,English,,,
FST,DS,COMP3083,Numerical Computation (1001),3,Mr. Tian TANG,Wed 13:00-13:50,1,ME,English,,,
FST,DS,COMP4163,Neural Networks and Deep Learning (1002),3,Dr. Jude Shengxin ZHU,Mon 10:00-11:50,2,MR,English,,,
FST,DS,COMP4163,Neural Networks and Deep Learning (1002),3,Dr. Jude Shengxin ZHU,Thu 11:00-11:50,1,MR,English,,,
FST,DS,COMP4163,Neural Networks and Deep Learning (1003),3,Dr. Thomas Canhao XU,Wed 10:00-11:50,2,MR,English,,,
FST,DS,COMP4163,Neural Networks and Deep Learning (1003),3,Dr. Thomas Canhao XU,Fri 9:00-9:50,1,MR,English,,,
FST,DS,DS1013,Python Programming for Beginners (1001),3,Dr. Fang XIE,Tue 8:00-9:50,2,FE,English,,,
FST,DS,DS1013,Python Programming for Beginners (1001),3,Dr. Fang XIE,Thu 13:00-13:50,1,FE,English,,,
FST,DS,DS1013,Python Programming for Beginners (1002),3,Dr. Dan WANG,Mon 13:00-14:50,2,FE,English,,,
FST,DS,DS1013,Python Programming for Beginners (1002),3,Dr. Dan WANG,Thu 14:00-14:50,1,FE,English,,,
FST,DS,DS2053,Probability and Mathematical Statistics (1001),3,Mr. Tian TANG,Fri 13:00-14:50,2,MR,English,,,
FST,DS,DS2053,Probability and Mathematical Statistics (1001),3,Mr. Tian TANG,Wed 10:00-10:50,1,MR,English,,,
FST,DS,DS2053,Probability and Mathematical Statistics (1002),3,Dr. Yujia HU,Mon 10:00-11:50,2,MR,English,,,
FST,DS,DS2053,Probability and Mathematical Statistics (1002),3,Dr. Yujia HU,Fri 9:00-9:50,1,MR,English,,,
FST,DS,DS3063,Computational Statistics and Programming (1001),3,Dr. Yujia HU,Fri 14:00-15:50,2,ME,English,,,
FST,DS,DS3063,Computational Statistics and Programming (1001),3,Dr. Yujia HU,Tue 14:00-14:50,1,ME,English,,,
FST,DS,DS4053,Introduction to Bioinformatics (1002),3,Dr. Dan WANG,Fri 14:00-15:50,2,ME,English,,,
FST,DS,DS4053,Introduction to Bioinformatics (1002),3,Dr. Dan WANG,Tue 14:00-14:50,1,ME,English,,,
FST,DS,DS4073,Introduction to Data Visualisation (1003),3,Dr. Fang XIE,Tue 15:00-16:50,2,ME,English,,,
FST,DS,DS4073,Introduction to Data Visualisation (1003),3,Dr. Fang XIE,Mon 9:00-9:50,1,ME,English,,,
FST,DS,GFQR1013,Hands On Data Analytics for Everyone (1001),3,Dr. Yujia HU,Tue 8:00-9:50,2,GE2021,English,,,
FST,DS,GFQR1013,Hands On Data Analytics for Everyone (1001),3,Dr. Yujia HU,Thu 13:00-13:50,1,GE2021,English,,,
FST,DS,GFQR1013,Hands On Data Analytics for Everyone (1002),3,Dr. Donald Donglong CHEN,Mon 13:00-14:50,2,GE2021,English,,,
FST,DS,GFQR1013,Hands On Data Analytics for Everyone (1002),3,Dr. Donald Donglong CHEN,Thu 14:00-14:50,1,GE2021,English,,,
FST,DS,GFQR1013,Hands On Data Analytics for Everyone (1003),3,Dr. Thomas Canhao XU,Fri 10:00-11:50,2,GE2021,English,,,
FST,DS,GFQR1013,Hands On Data Analytics for Everyone (1003),3,Dr. Thomas Canhao XU,Tue 13:00-13:50,1,GE2021,English,,,
FST,DS,GFQR1013,Hands On Data Analytics for Everyone (1004),3,Dr. Zhijian LI,Tue 8:00-9:50,2,GE2021,English,,,
FST,DS,GFQR1013,Hands On Data Analytics for Everyone (1004),3,Dr. Zhijian LI,Thu 13:00-13:50,1,GE2021,English,,,
FST,DS,GFQR1013,Hands On Data Analytics for Everyone (1005),3,Dr. Fang XIE,Mon 13:00-14:50,2,GE2021,English,,,
FST,DS,GFQR1013,Hands On Data Analytics for Everyone (1005),3,Dr. Fang XIE,Thu 14:00-14:50,1,GE2021,English,,,
FST,DS,GFQR1013,Hands On Data Analytics for Everyone (1006),3,Dr. Xiaowen BI,Fri 10:00-11:50,2,GE2021,English,,,
FST,DS,GFQR1013,Hands On Data Analytics for Everyone (1006),3,Dr. Xiaowen BI,Tue 13:00-13:50,1,GE2021,English,,,
FST,DS,OR4023,Optimization (1001),3,Mr. Tian TANG,Mon 10:00-11:50,2,MR,English,,,
FST,DS,OR4023,Optimization (1001),3,Mr. Tian TANG,Wed 11:00-11:50,1,MR,English,,,
FST,DS,OR4023,Optimization (1002),3,Dr. Zhijian LI,Thu 10:00-11:50,2,MR,English,,,
FST,DS,OR4023,Optimization (1002),3,Dr. Zhijian LI,Fri 16:00-16:50,1,MR,English,,,
FST,DS,STAT4073,Data Mining (1001),3,Dr. Zhijian LI,Wed 9:00-10:50,2,MR,English,,,
FST,DS,STAT4073,Data Mining (1001),3,Dr. Zhijian LI,Fri 9:00-9:50,1,MR,English,,,
FST,DS,STAT4073,Data Mining (1002),3,Dr. Rui MENG,Wed 10:00-11:50,2,MR,English,,,
FST,DS,STAT4073,Data Mining (1002),3,Dr. Rui MENG,Thu 9:00-9:50,1,MR,English,,,
FST,ENVS,BIOL2023,Conservation Ecology (1001),3,Dr. Danny Chi Man LEONG,Mon 8:00-9:50,2,MR,English,,,
FST,ENVS,BIOL2023,Conservation Ecology (1001),3,Dr. Danny Chi Man LEONG,Thu 11:00-11:50,1,MR,English,,,
FST,ENVS,BIOL2023,Conservation Ecology (1002),3,Dr. Danny Chi Man LEONG,Mon 8:00-9:50,2,FE,English,,,
FST,ENVS,BIOL2023,Conservation Ecology (1002),3,Dr. Danny Chi Man LEONG,Thu 11:00-11:50,1,FE,English,,,
FST,ENVS,BIOL2103,Biology and Ecology Laboratory (1001),3,Ms. Veronica Qin GONG & Mr. Car Zhihui WU,Fri 13:00-16:50,4,MR,English,,,
FST,ENVS,BIOL3003,Environmental Health and Toxicology (1001),3,Dr. Donald Chiu-Hong LEE,Wed 10:00-11:50,2,MR,English,,,
FST,ENVS,BIOL3003,Environmental Health and Toxicology (1001),3,Dr. Donald Chiu-Hong LEE,Mon 16:00-16:50,1,MR,English,,,
FST,ENVS,CHEM3013,Chemical Analysis (1001),3,Dr. Donald Chiu-Hong LEE,Thu 10:00-11:50,2,ME,English,,,
FST,ENVS,CHEM3013,Chemical Analysis (1001),3,Dr. Donald Chiu-Hong LEE,Mon 17:00-17:50,1,ME,English,,,
FST,ENVS,ENV1003,Climate Change (1001),3,Dr. Danny Chi Man LEONG,Fri 10:00-11:50,2,FE,English,,,
FST,ENVS,ENV1003,Climate Change (1001),3,Dr. Danny Chi Man LEONG,Tue 13:00-13:50,1,FE,English,,,
FST,ENVS,ENV1043,Introduction to Environmental Science (1001),3,Dr. Yingcan ZHAO,Mon 16:00-17:50,2,MR,English,,,
FST,ENVS,ENV1043,Introduction to Environmental Science (1001),3,Dr. Yingcan ZHAO,Tue 11:00-11:50,1,MR,English,,,
FST,ENVS,ENV1043,Introduction to Environmental Science (1002),3,Dr. Yingcan ZHAO,Mon 16:00-17:50,2,FE,English,,,
FST,ENVS,ENV1043,Introduction to Environmental Science (1002),3,Dr. Yingcan ZHAO,Tue 11:00-11:50,1,FE,English,,,
FST,ENVS,ENV3013,Sustainable Environmental Management (1001),3,Dr. SiuTai TSIM,Tue 10:00-11:50,2,MR,English,,,
FST,ENVS,ENV3013,Sustainable Environmental Management (1001),3,Dr. SiuTai TSIM,Fri 9:00-9:50,1,MR,English,,,
FST,ENVS,ENV3013,Sustainable Environmental Management (1002),3,Dr. SiuTai TSIM,Tue 10:00-11:50,2,FE,English,,,
FST,ENVS,ENV3013,Sustainable Environmental Management (1002),3,Dr. SiuTai TSIM,Fri 9:00-9:50,1,FE,English,,,
FST,ENVS,ENV3043,Environmental Study Laboratory (1001),3,Dr. Donald Chiu-Hong LEE,Tue 14:00-17:50,4,MR,English,,,
FST,ENVS,ENV3053,Environmental Nanotechnology (1001),3,Dr. Yingcan ZHAO,Fri 13:00-14:50,2,ME,English,,,
FST,ENVS,ENV3053,Environmental Nanotechnology (1001),3,Dr. Yingcan ZHAO,Wed 9:00-9:50,1,ME,English,,,
FST,ENVS,ENV3073,Introduction to Geographic Information Systems for Environmental Management (1001),3,Dr. Eason Xun LI,Thu 15:00-16:50,2,ME,English,,,
FST,ENVS,ENV3073,Introduction to Geographic Information Systems for Environmental Management (1001),3,Dr. Eason Xun LI,Mon 15:00-15:50,1,ME,English,,,
FST,ENVS,ENV3073,Introduction to Geographic Information Systems for Environmental Management (1002),3,Dr. Eason Xun LI,Thu 15:00-16:50,2,FE,English,,,
FST,ENVS,ENV3073,Introduction to Geographic Information Systems for Environmental Management (1002),3,Dr. Eason Xun LI,Mon 15:00-15:50,1,FE,English,,,
FST,ENVS,ENV3193,Carbon Technology and Renewable Energy (1001),3,ENVS New Teacher 1,Mon 13:00-14:50,2,FE,English,,,
FST,ENVS,ENV3193,Carbon Technology and Renewable Energy (1001),3,ENVS New Teacher 1,Thu 14:00-14:50,1,FE,English,,,
FST,ENVS,ENV4003,Green Business Management (1001),3,Dr. SiuTai TSIM,Fri 10:00-11:50,2,ME,English,,,
FST,ENVS,ENV4003,Green Business Management (1001),3,Dr. SiuTai TSIM,Tue 13:00-13:50,1,ME,English,,,
FST,ENVS,ENV4003,Green Business Management (1002),3,Dr. SiuTai TSIM,Fri 10:00-11:50,2,FE,English,,,
FST,ENVS,ENV4003,Green Business Management (1002),3,Dr. SiuTai TSIM,Tue 13:00-13:50,1,FE,English,,,
FST,ENVS,ENV4043,Selected Topics in Environmental Science (1001),3,Dr. Mingming GE,Mon 10:00-11:50,2,ME,English,,,
FST,ENVS,ENV4043,Selected Topics in Environmental Science (1001),3,Dr. Mingming GE,Wed 13:00-13:50,1,ME,English,,,
FST,ENVS,GTSU2063,How to Build a Green City? Challenges and Solutions (1001),3,Dr. SiuTai TSIM,Mon 13:00-14:50,2,GE2021,English,,,
FST,ENVS,GTSU2063,How to Build a Green City? Challenges and Solutions (1001),3,Dr. SiuTai TSIM,Thu 14:00-14:50,1,GE2021,English,,,
FST,ENVS,PHYS2003,Principles of Physics (1001),3,Dr. Zijian WANG,Tue 8:00-9:50,2,FE,English,,,
FST,ENVS,PHYS2003,Principles of Physics (1001),3,Dr. Zijian WANG,Thu 13:00-13:50,1,FE,English,,,
FST,ENVS,SCIT1023,Laboratory Safety (1001),1,Mr. Car Zhihui WU,Thu 10:00-11:50,2,MR,English,,,
FST,ENVS,STAT1013,Introduction to Probability and Statistics (1001),3,Dr. Ahmed Abdelnabi Mohamed Mohamed Attia ELSAWAH,Thu 9:00-10:50,2,MR,English,,,
FST,ENVS,STAT1013,Introduction to Probability and Statistics (1001),3,Dr. Ahmed Abdelnabi Mohamed Mohamed Attia ELSAWAH,Mon 16:00-16:50,1,MR,English,,,
FST,FM,COMP3153,C++ Programming Language (1001),3,Dr. Eric Pengfei ZHAO,Tue 14:00-15:50,2,MR,English,,,
FST,FM,COMP3153,C++ Programming Language (1001),3,Dr. Eric Pengfei ZHAO,Fri 13:00-13:50,1,MR,English,,,
FST,FM,COMP3153,C++ Programming Language (1002),3,Dr. Eric Pengfei ZHAO,Wed 10:00-11:50,2,MR,English,,,
FST,FM,COMP3153,C++ Programming Language (1002),3,Dr. Eric Pengfei ZHAO,Fri 9:00-9:50,1,MR,English,,,
FST,FM,ECON2103,Microeconomics (1001),3,Dr. Tianhao ZHI,Tue 10:00-11:50,2,MR,English,,,
FST,FM,ECON2103,Microeconomics (1001),3,Dr. Tianhao ZHI,Thu 9:00-9:50,1,MR,English,,,
FST,FM,ECON2103,Microeconomics (1002),3,Dr. Sherry Zhefang ZHOU,Fri 14:00-15:50,2,MR,English,,,
FST,FM,ECON2103,Microeconomics (1002),3,Dr. Sherry Zhefang ZHOU,Tue 11:00-11:50,1,MR,English,,,
FST,FM,FINM2023,Regression Analysis (for FM Students) (1001),3,Dr. Chiu Fai WONG,Thu 16:00-17:50,2,ME,English,,,
FST,FM,FINM2023,Regression Analysis (for FM Students) (1001),3,Dr. Chiu Fai WONG,Tue 16:00-16:50,1,ME,English,,,
FST,FM,FINM2063,Introduction to Finance (1001),3,Dr. Tianhao ZHI,Thu 15:00-16:50,2,MR,English,,,
FST,FM,FINM2063,Introduction to Finance (1001),3,Dr. Tianhao ZHI,Wed 11:00-11:50,1,MR,English,,,
FST,FM,FINM2063,Introduction to Finance (1002),3,Dr. Shumin MA,Fri 13:00-14:50,2,MR,English,,,
FST,FM,FINM2063,Introduction to Finance (1002),3,Dr. Shumin MA,Wed 13:00-13:50,1,MR,English,,,
FST,FM,FINM3093,Investments (1001),3,Dr. Shumin MA,Tue 14:00-15:50,2,MR,English,,,
FST,FM,FINM3093,Investments (1001),3,Dr. Shumin MA,Fri 15:00-15:50,1,MR,English,,,
FST,FM,FINM3093,Investments (1002),3,Dr. Sherry Zhefang ZHOU,Tue 16:00-17:50,2,MR,English,,,
FST,FM,FINM3093,Investments (1002),3,Dr. Sherry Zhefang ZHOU,Fri 13:00-13:50,1,MR,English,,,
FST,FM,FINM3103,"Money, Banking and Financial Markets (1001)",3,Dr. Shumin MA,Thu 10:00-11:50,2,ME,English,,,
FST,FM,FINM3103,"Money, Banking and Financial Markets (1001)",3,Dr. Shumin MA,Wed 9:00-9:50,1,ME,English,,,
FST,FM,FINM3123,Introduction to Econometrics (1001),3,Dr. Sherry Zhefang ZHOU,Thu 15:00-16:50,2,MR,English,,,
FST,FM,FINM3123,Introduction to Econometrics (1001),3,Dr. Sherry Zhefang ZHOU,Wed 13:00-13:50,1,MR,English,,,
FST,FM,FINM3123,Introduction to Econometrics (1002),3,Dr. Nicolas Remi Luc LANGRENE,Fri 16:00-17:50,2,MR,English,,,
FST,FM,FINM3123,Introduction to Econometrics (1002),3,Dr. Nicolas Remi Luc LANGRENE,Mon 16:00-16:50,1,MR,English,,,
FST,FM,FINM3123,Introduction to Econometrics (1003),3,Dr. Sherry Zhefang ZHOU,Thu 15:00-16:50,2,ME,English,,,
FST,FM,FINM3123,Introduction to Econometrics (1003),3,Dr. Sherry Zhefang ZHOU,Wed 13:00-13:50,1,ME,English,,,
FST,FM,FINM3123,Introduction to Econometrics (1004),3,Dr. Nicolas Remi Luc LANGRENE,Fri 16:00-17:50,2,ME,English,,,
FST,FM,FINM3123,Introduction to Econometrics (1004),3,Dr. Nicolas Remi Luc LANGRENE,Mon 16:00-16:50,1,ME,English,,,
FST,FM,FINM3143,Financial Mathematics (1001),3,Prof. Qiang ZHANG,Mon 10:00-11:50,2,MR,English,,,
FST,FM,FINM3143,Financial Mathematics (1001),3,Prof. Qiang ZHANG,Wed 11:00-11:50,1,MR,English,,,
FST,FM,FINM3143,Financial Mathematics (1002),3,Dr. Chiu Fai WONG,Wed 9:00-10:50,2,MR,English,,,
FST,FM,FINM3143,Financial Mathematics (1002),3,Dr. Chiu Fai WONG,Mon 9:00-9:50,1,MR,English,,,
FST,FM,FINM3143,Financial Mathematics (1003),3,Prof. Qiang ZHANG,Mon 10:00-11:50,2,ME,English,,,
FST,FM,FINM3143,Financial Mathematics (1003),3,Prof. Qiang ZHANG,Wed 11:00-11:50,1,ME,English,,,
FST,FM,FINM3143,Financial Mathematics (1004),3,Dr. Chiu Fai WONG,Wed 9:00-10:50,2,ME,English,,,
FST,FM,FINM3143,Financial Mathematics (1004),3,Dr. Chiu Fai WONG,Mon 9:00-9:50,1,ME,English,,,
FST,FM,FINM4053,Numerical and Simulation Techniques in Finance (1001),3,Dr. Nicolas Remi Luc LANGRENE,Mon 10:00-11:50,2,ME,English,,,
FST,FM,FINM4053,Numerical and Simulation Techniques in Finance (1001),3,Dr. Nicolas Remi Luc LANGRENE,Fri 14:00-14:50,1,ME,English,,,
FST,FM,GCAP3193,Investment Practice (1001),3,Dr. Eric Pengfei ZHAO,Mon 15:00-17:50,3,GE2021,English,,,
FST,FM,GTSC2033,Interpreting the world by Reading Finance News (1001),3,Dr. Tianhao ZHI,Fri 10:00-11:50,2,GE2021,English,,,
FST,FM,GTSC2033,Interpreting the world by Reading Finance News (1001),3,Dr. Tianhao ZHI,Tue 13:00-13:50,1,GE2021,English,,,
FST,FM,MATH1053,Linear Algebra I (1002),3,Dr. Wei ZHANG,Tue 14:00-15:50,2,MR,English,,,
FST,FM,MATH1053,Linear Algebra I (1002),3,Dr. Wei ZHANG,Thu 15:00-16:50,2,MR,English,,,
FST,FM,MATH1073,Calculus I (1003),3,Dr. Peng DR. JIN,Wed 9:00-10:50,2,MR,English,,,
FST,FM,MATH1073,Calculus I (1003),3,Dr. Peng DR. JIN,Tue 14:00-14:50,1,MR,English,,,
FST,FM,MATH1193,Advanced Linear Algebra (1001),3,Dr. Chiu Fai WONG,Mon 13:00-14:50,2,FE,English,,,
FST,FM,MATH1193,Advanced Linear Algebra (1001),3,Dr. Chiu Fai WONG,Thu 14:00-14:50,1,FE,English,,,
FST,FM,MATH2043,Ordinary Differential Equations (1002),3,Dr. Wei ZHANG,Fri 14:00-15:50,2,MR,English,,,
FST,FM,MATH2043,Ordinary Differential Equations (1002),3,Dr. Wei ZHANG,Tue 16:00-16:50,1,MR,English,,,
FST,FM,MATH3173,Applied Stochastic Process (1001),3,Prof. Jianglun WU,Thu 10:00-11:50,2,MR,English,,,
FST,FM,MATH3173,Applied Stochastic Process (1001),3,Prof. Jianglun WU,Mon 17:00-17:50,1,MR,English,,,
FST,FM,MATH3173,Applied Stochastic Process (1003),3,Prof. Jianglun WU,Thu 10:00-11:50,2,ME,English,,,
FST,FM,MATH3173,Applied Stochastic Process (1003),3,Prof. Jianglun WU,Mon 17:00-17:50,1,ME,English,,,
FST,FM,MATH4113,Selected Topics in Applied Analysis (1001),3,Prof. Qiang ZHANG,Tue 10:00-11:50,2,ME,English,,,
FST,FM,MATH4113,Selected Topics in Applied Analysis (1001),3,Prof. Qiang ZHANG,Mon 15:00-15:50,1,ME,English,,,
FST,FM,STAT2023,Advanced Probability (1001),3,Dr. Peng DR. JIN,Tue 10:00-11:50,2,ME,English,,,
FST,FM,STAT2023,Advanced Probability (1001),3,Dr. Peng DR. JIN,Wed 11:00-11:50,1,ME,English,,,
FST,FM,STAT2063,Probability Theory (1002),3,Prof. Jianglun WU,Mon 10:00-11:50,2,MR,English,,,
FST,FM,STAT2063,Probability Theory (1002),3,Prof. Jianglun WU,Wed 9:00-9:50,1,MR,English,,,
FST,FS,BIOL2063,Biochemistry (1001),3,Dr. Yue LUO,Tue 14:00-15:50,2,MR,English,,,
FST,FS,BIOL2063,Biochemistry (1001),3,Dr. Yue LUO,Wed 13:00-13:50,1,MR,English,,,
FST,FS,BIOL2073,Physiology (1001),3,Dr. Esther Yan Qin TAN,Mon 9:00-10:50,2,MR,English,,,
FST,FS,BIOL2073,Physiology (1001),3,Dr. Esther Yan Qin TAN,Fri 13:00-13:50,1,MR,English,,,
FST,FS,CHEM2033,Analytical Chemistry (1001),3,Dr. Ya WANG,Mon 10:00-11:50,2,MR,English,,,
FST,FS,CHEM2033,Analytical Chemistry (1001),3,Dr. Ya WANG,Tue 10:00-10:50,1,MR,English,,,
FST,FS,FOOD1013,Food Appreciation (1001),3,Dr. Wenmeng HE,Fri 10:00-11:50,2,FE,English,,,
FST,FS,FOOD1013,Food Appreciation (1001),3,Dr. Wenmeng HE,Tue 13:00-13:50,1,FE,English,,,
FST,FS,FOOD1023,Application of Chemistry in Society (1001),3,Dr. Ya WANG,Fri 10:00-11:50,2,FE,English,,,
FST,FS,FOOD1023,Application of Chemistry in Society (1001),3,Dr. Ya WANG,Tue 13:00-13:50,1,FE,English,,,
FST,FS,FOOD1033,Introduction to Food Science (1001),3,Dr. Wenmeng HE,Tue 10:00-11:50,2,MR,English,,,
FST,FS,FOOD1033,Introduction to Food Science (1001),3,Dr. Wenmeng HE,Wed 11:00-11:50,1,MR,English,,,
FST,FS,FOOD1053,Food Science in Daily Life (1001),3,Dr. Raymond Xiaoyu LUO,Tue 8:00-9:50,2,FE,English,,,
FST,FS,FOOD1053,Food Science in Daily Life (1001),3,Dr. Raymond Xiaoyu LUO,Thu 13:00-13:50,1,FE,English,,,
FST,FS,FOOD3003,Food Analysis (1001),3,Prof. Bo LEI,Thu 15:00-16:50,2,MR,English,,,
FST,FS,FOOD3003,Food Analysis (1001),3,Prof. Bo LEI,Wed 11:00-11:50,1,MR,English,,,
FST,FS,FOOD3013,Nutrition (1001),3,Dr. Esther Yan Qin TAN,Thu 10:00-11:50,2,MR,English,,,
FST,FS,FOOD3013,Nutrition (1001),3,Dr. Esther Yan Qin TAN,Tue 14:00-14:50,1,MR,English,,,
FST,FS,FOOD3033,Chemical and Food Analysis Laboratory (1001),3,Prof. Bo LEI,Fri 13:00-17:50,5,MR,English,,,
FST,FS,FOOD4013,Meat and Dairy Science (1001),3,Dr. Raymond Xiaoyu LUO,Mon 15:00-16:50,2,ME,English,,,
FST,FS,FOOD4013,Meat and Dairy Science (1001),3,Dr. Raymond Xiaoyu LUO,Wed 13:00-13:50,1,ME,English,,,
FST,FS,FOOD4113,Food Microbiology and Food Safety Laboratory (1001),3,Prof. Bruce Baojun XU,Tue 14:00-18:50,5,ME,English,,,
FST,FS,GTSC2103,Lifestyle and Health (1001),3,Dr. Esther Yan Qin TAN,Tue 8:00-9:50,2,GE2021,English,,,
FST,FS,GTSC2103,Lifestyle and Health (1001),3,Dr. Esther Yan Qin TAN,Thu 13:00-13:50,1,GE2021,English,,,
FST,FS,GTSC2103,Lifestyle and Health (1002),3,Dr. Yue LUO,Mon 13:00-14:50,2,GE2021,English,,,
FST,FS,GTSC2103,Lifestyle and Health (1002),3,Dr. Yue LUO,Thu 14:00-14:50,1,GE2021,English,,,
FST,FS,GTSU2053,Food Security and Sustainability (1001),3,Dr. Yue LUO,Tue 8:00-9:50,2,GE2021,English,,,
FST,FS,GTSU2053,Food Security and Sustainability (1001),3,Dr. Yue LUO,Thu 13:00-13:50,1,GE2021,English,,,
FST,FS,SCIT1023,Laboratory Safety (1002),1,Prof. Bruce Baojun XU,Thu 9:00-10:50,2,MR,English,,,
FST,FS,STAT1013,Introduction to Probability and Statistics (1002),3,Ms. Youmei LIU,Fri 15:00-16:50,2,MR,English,,,
FST,FS,STAT1013,Introduction to Probability and Statistics (1002),3,Ms. Youmei LIU,Thu 16:00-16:50,1,MR,English,,,
FST,STAT,AI2033,Probability and Statistics (1001),3,Ms. Garbo Jia HU,Mon 13:00-14:50,2,FE,English,,,
FST,STAT,AI2033,Probability and Statistics (1001),3,Ms. Garbo Jia HU,Thu 14:00-14:50,1,FE,English,,,
FST,STAT,COMP1023,Foundations of C Programming (1005),3,Prof. Ivan Yuhui DENG,Tue 10:00-11:50,2,MR,English,,,
FST,STAT,COMP1023,Foundations of C Programming (1005),3,Prof. Ivan Yuhui DENG,Thu 11:00-11:50,1,MR,English,,,
FST,STAT,COMP1023,Foundations of C Programming (1006),3,Dr. Timothy Jingjin WU,Tue 10:00-11:50,2,MR,English,,,
FST,STAT,COMP1023,Foundations of C Programming (1006),3,Dr. Timothy Jingjin WU,Thu 11:00-11:50,1,MR,English,,,
FST,STAT,GCAP3183,Interdisciplinary Modeling Projects (1001),3,Dr. Timothy Jingjin WU,Wed 10:00-11:50,2,GE2021,English,,,
FST,STAT,GCAP3183,Interdisciplinary Modeling Projects (1001),3,Dr. Timothy Jingjin WU,Mon 9:00-9:50,1,GE2021,English,,,
FST,STAT,GCAP3183,Interdisciplinary Modeling Projects (1002),3,Ms. Guoqiu ZHANG,Fri 13:00-14:50,2,GE2021,English,,,
FST,STAT,GCAP3183,Interdisciplinary Modeling Projects (1002),3,Ms. Guoqiu ZHANG,Wed 11:00-11:50,1,GE2021,English,,,
FST,STAT,GFQR1023,Data Analytics for Business (1001),3,Dr. Qiong LI,Tue 8:00-9:50,2,GE2021,English,,,
FST,STAT,GFQR1023,Data Analytics for Business (1001),3,Dr. Qiong LI,Thu 13:00-13:50,1,GE2021,English,,,
FST,STAT,GFQR1023,Data Analytics for Business (1002),3,Dr. Ahmed Abdelnabi Mohamed Mohamed Attia ELSAWAH,Mon 13:00-14:50,2,GE2021,English,,,
FST,STAT,GFQR1023,Data Analytics for Business (1002),3,Dr. Ahmed Abdelnabi Mohamed Mohamed Attia ELSAWAH,Thu 14:00-14:50,1,GE2021,English,,,
FST,STAT,GFQR1023,Data Analytics for Business (1003),3,Dr. Jiajuan LIANG,Fri 10:00-11:50,2,GE2021,English,,,
FST,STAT,GFQR1023,Data Analytics for Business (1003),3,Dr. Jiajuan LIANG,Tue 13:00-13:50,1,GE2021,English,,,
FST,STAT,GFQR1023,Data Analytics for Business (1004),3,Ms. Xiebing SONG,Fri 10:00-11:50,2,GE2021,English,,,
FST,STAT,GFQR1023,Data Analytics for Business (1004),3,Ms. Xiebing SONG,Tue 13:00-13:50,1,GE2021,English,,,
FST,STAT,GFQR1033,Statistics in Our Daily Life (1001),3,Ms. Garbo Jia HU,Tue 8:00-9:50,2,GE2021,English,,,
FST,STAT,GFQR1033,Statistics in Our Daily Life (1001),3,Ms. Garbo Jia HU,Thu 13:00-13:50,1,GE2021,English,,,
FST,STAT,GFQR1033,Statistics in Our Daily Life (1002),3,Dr. Qiong LI,Mon 13:00-14:50,2,GE2021,English,,,
FST,STAT,GFQR1033,Statistics in Our Daily Life (1002),3,Dr. Qiong LI,Thu 14:00-14:50,1,GE2021,English,,,
FST,STAT,GFQR1033,Statistics in Our Daily Life (1003),3,Dr. Dennis Chin-Wing CHEUNG,Fri 10:00-11:50,2,GE2021,English,,,
FST,STAT,GFQR1033,Statistics in Our Daily Life (1003),3,Dr. Dennis Chin-Wing CHEUNG,Tue 13:00-13:50,1,GE2021,English,,,
FST,STAT,GFQR1033,Statistics in Our Daily Life (1004),3,Ms. Youmei LIU,Mon 13:00-14:50,2,GE2021,English,,,
FST,STAT,GFQR1033,Statistics in Our Daily Life (1004),3,Ms. Youmei LIU,Thu 14:00-14:50,1,GE2021,English,,,
FST,STAT,MATH1003,Linear Algebra (1001),3,Dr. Xinwei DU,Tue 10:00-11:50,2,MR,English,,,
FST,STAT,MATH1003,Linear Algebra (1001),3,Dr. Xinwei DU,Fri 16:00-16:50,1,MR,English,,,
FST,STAT,MATH1003,Linear Algebra (1002),3,Ms. Xiebing SONG,Thu 10:00-11:50,2,MR,English,,,
FST,STAT,MATH1003,Linear Algebra (1002),3,Ms. Xiebing SONG,Mon 17:00-17:50,1,MR,English,,,
FST,STAT,MATH1053,Linear Algebra I (1004),3,Dr. Xinwei DU,Thu 8:00-9:50,2,MR,English,,,
FST,STAT,MATH1053,Linear Algebra I (1004),3,Dr. Xinwei DU,Tue 17:00-17:50,1,MR,English,,,
FST,STAT,MATH1053,Linear Algebra I (1005),3,Dr. Yuxuan LIN,Thu 8:00-9:50,2,MR,English,,,
FST,STAT,MATH1053,Linear Algebra I (1005),3,Dr. Yuxuan LIN,Tue 14:00-14:50,1,MR,English,,,
FST,STAT,MATH1073,Calculus I (1004),3,Dr. Min ZHOU,Wed 9:00-10:50,2,MR,English,,,
FST,STAT,MATH1073,Calculus I (1004),3,Dr. Min ZHOU,Tue 14:00-14:50,1,MR,English,,,
FST,STAT,MATH1073,Calculus I (1005),3,STAT New Teacher 1,Wed 9:00-10:50,2,MR,English,,,
FST,STAT,MATH1073,Calculus I (1005),3,STAT New Teacher 1,Tue 17:00-17:50,1,MR,English,,,
FST,STAT,MATH1123,Calculus for Science and Engineering (1001),3,Dr. Min ZHOU,Thu 10:00-11:50,2,MR,English,,,
FST,STAT,MATH1123,Calculus for Science and Engineering (1001),3,Dr. Min ZHOU,Mon 11:00-11:50,1,MR,English,,,
FST,STAT,MATH1123,Calculus for Science and Engineering (1002),3,STAT New Teacher 1,Tue 10:00-11:50,2,MR,English,,,
FST,STAT,MATH1123,Calculus for Science and Engineering (1002),3,STAT New Teacher 1,Wed 13:00-13:50,1,MR,English,,,
FST,STAT,MATH3163,Real Analysis (1001),3,Dr. Min ZHOU,Tue 16:00-17:50,2,MR,English,,,
FST,STAT,MATH3163,Real Analysis (1001),3,Dr. Min ZHOU,Mon 10:00-10:50,1,MR,English,,,
FST,STAT,MATH3163,Real Analysis (1002),3,Dr. Zhengjun JIANG,Tue 16:00-17:50,2,MR,English,,,
FST,STAT,MATH3163,Real Analysis (1002),3,Dr. Zhengjun JIANG,Mon 11:00-11:50,1,MR,English,,,
FST,STAT,MATH3173,Applied Stochastic Process (1005),3,Dr. Zhengjun JIANG,Wed 10:00-11:50,2,MR,English,,,
FST,STAT,MATH3173,Applied Stochastic Process (1005),3,Dr. Zhengjun JIANG,Mon 15:00-15:50,1,MR,English,,,
FST,STAT,MATH3173,Applied Stochastic Process (1006),3,Dr. Bohai ZHANG,Mon 16:00-17:50,2,MR,English,,,
FST,STAT,MATH3173,Applied Stochastic Process (1006),3,Dr. Bohai ZHANG,Wed 10:00-10:50,1,MR,English,,,
FST,STAT,MATH4043,Actuarial Mathematics (1001),3,Ms. Xiebing SONG,Tue 10:00-11:50,2,ME,English,,,
FST,STAT,MATH4043,Actuarial Mathematics (1001),3,Ms. Xiebing SONG,Fri 15:00-15:50,1,ME,English,,,
FST,STAT,OR3003,Logistics (1001),3,Ms. Garbo Jia HU,Fri 15:00-16:50,2,ME,English,,,
FST,STAT,OR3003,Logistics (1001),3,Ms. Garbo Jia HU,Mon 10:00-10:50,1,ME,English,,,
FST,STAT,OR4023,Optimization (1003),3,Prof. Ivan Yuhui DENG,Fri 15:00-16:50,2,MR,English,,,
FST,STAT,OR4023,Optimization (1003),3,Prof. Ivan Yuhui DENG,Thu 10:00-10:50,1,MR,English,,,
FST,STAT,OR4023,Optimization (1004),3,Dr. Timothy Jingjin WU,Tue 15:00-16:50,2,MR,English,,,
FST,STAT,OR4023,Optimization (1004),3,Dr. Timothy Jingjin WU,Thu 9:00-9:50,1,MR,English,,,
FST,STAT,OR4033,Network and Transportation Models (1001),3,Dr. Dennis Chin-Wing CHEUNG,Mon 15:00-16:50,2,ME,English,,,
FST,STAT,OR4033,Network and Transportation Models (1001),3,Dr. Dennis Chin-Wing CHEUNG,Wed 9:00-9:50,1,ME,English,,,
FST,STAT,STAT2003,Advanced Statistics (1001),3,Dr. Chuoxin MA,Wed 10:00-11:50,2,MR,English,,,
FST,STAT,STAT2003,Advanced Statistics (1001),3,Dr. Chuoxin MA,Mon 11:00-11:50,1,MR,English,,,
FST,STAT,STAT2003,Advanced Statistics (1002),3,Dr. Jiajuan LIANG,Thu 16:00-17:50,2,MR,English,,,
FST,STAT,STAT2003,Advanced Statistics (1002),3,Dr. Jiajuan LIANG,Wed 10:00-10:50,1,MR,English,,,
FST,STAT,STAT3003,Survey Sampling (1001),3,Ms. Garbo Jia HU,Fri 10:00-11:50,2,FE,English,,,
FST,STAT,STAT3003,Survey Sampling (1001),3,Ms. Garbo Jia HU,Tue 13:00-13:50,1,FE,English,,,
FST,STAT,STAT3053,Computer-Aided Data Analysis (for Non-STAT students) (1001),3,Ms. Xiebing SONG,Mon 13:00-14:50,2,FE,English,,,
FST,STAT,STAT3053,Computer-Aided Data Analysis (for Non-STAT students) (1001),3,Ms. Xiebing SONG,Thu 14:00-14:50,1,FE,English,,,
FST,STAT,STAT3073,Statistical Computing (1001),3,Dr. Bohai ZHANG,Thu 15:00-16:50,2,MR,English,,,
FST,STAT,STAT3073,Statistical Computing (1001),3,Dr. Bohai ZHANG,Wed 13:00-13:50,1,MR,English,,,
FST,STAT,STAT3073,Statistical Computing (1002),3,Dr. Ping HE,Thu 15:00-16:50,2,MR,English,,,
FST,STAT,STAT3073,Statistical Computing (1002),3,Dr. Ping HE,Fri 17:00-17:50,1,MR,English,,,
FST,STAT,STAT4013,Multivariate Analysis (1001),3,Dr. Xiaoling PENG,Mon 16:00-17:50,2,MR,English,,,
FST,STAT,STAT4013,Multivariate Analysis (1001),3,Dr. Xiaoling PENG,Fri 13:00-13:50,1,MR,English,,,
FST,STAT,STAT4013,Multivariate Analysis (1002),3,Dr. Jiajuan LIANG,Tue 15:00-16:50,2,MR,English,,,
FST,STAT,STAT4013,Multivariate Analysis (1002),3,Dr. Jiajuan LIANG,Wed 13:00-13:50,1,MR,English,,,
FST,STAT,STAT4053,Survival Analysis (1001),3,Dr. Peng SU,Thu 10:00-11:50,2,ME,English,,,
FST,STAT,STAT4053,Survival Analysis (1001),3,Dr. Peng SU,Tue 15:00-15:50,1,ME,English,,,
FST,STAT,STAT4073,Data Mining (1003),3,Dr. Yujia HU,Thu 10:00-11:50,2,ME,English,,,
FST,STAT,STAT4073,Data Mining (1003),3,Dr. Yujia HU,Tue 11:00-11:50,1,ME,English,,,
SCC,AIM,AIM3143,Special Topics in Animation and Interactive Media Subjects (1001),3,SCC AIM New Teacher 1,Tue 19:00-21:50,3,FE,English,,,
SCC,AIM,GD3XX3,Special Topics in Game Design Projects (1001),3,SCC AIM New Teacher 1,Wed 19:00-21:50,3,FE,English,,,
SCC,AIM,MAD3103,Computer Game Design (1002),3,SCC AIM New Teacher 1,Mon 19:00-21:50,3,FE,English,,,
SCC,CCM,CCM2123,Past to Present State of Arts in Cultural Industries (1001),3,Dr. Purrie Pui-Yee NG,Mon 13:00-14:50,2,FE,English,,,
SCC,CCM,CCM2123,Past to Present State of Arts in Cultural Industries (1001),3,Dr. Purrie Pui-Yee NG,Thu 14:00-14:50,1,FE,English,,,
SCC,CCM,CCM3033,International Cultural Trade (1001),3,Dr. Xi WANG,Tue 10:00-11:50,2,MR,English,To be reviewed case by case (basic proficiency of CCM is required),,
SCC,CCM,CCM3033,International Cultural Trade (1001),3,Dr. Xi WANG,Wed 13:00-13:50,1,MR,English,To be reviewed case by case (basic proficiency of CCM is required),,
SCC,CCM,CCM3083,"Culture, Creativity and Management in Chinese Cities (1001)",3,Ms. K.K Wanqi WAN,Thu 15:00-16:50,2,ME,English,To be reviewed case by case (basic proficiency of CCM is required),,
SCC,CCM,CCM3083,"Culture, Creativity and Management in Chinese Cities (1001)",3,Ms. K.K Wanqi WAN,Wed 10:00-10:50,1,ME,English,To be reviewed case by case (basic proficiency of CCM is required),,
SCC,CCM,CCM3163,Principles of Creative Arts Management (1002),3,Dr. Geuntae PARK,Mon 13:00-14:50,2,FE,English,,,
SCC,CCM,CCM3163,Principles of Creative Arts Management (1002),3,Dr. Geuntae PARK,Thu 14:00-14:50,1,FE,English,,,
SCC,CCM,CCM3173,Concepts of Contemporary Arts in Cultural Industries (1001),3,Ms. Yurui HU,Tue 19:00-21:50,3,FE,English,,,
SCC,CCM,CCM3203,AI-Driven Curation: Enhancing Museum Experiences (1001),3,Dr. Geuntae PARK,Mon 10:00-11:50,2,ME,English,To be reviewed case by case (basic proficiency of CCM is required),,
SCC,CCM,CCM3203,AI-Driven Curation: Enhancing Museum Experiences (1001),3,Dr. Geuntae PARK,Thu 17:00-17:50,1,ME,English,To be reviewed case by case (basic proficiency of CCM is required),,
SCC,CCM,CCM4103,Applied Semiotics for the Cultural Entrepreneur and Manager (1001),3,Dr. Iceman Hoi Yung LEUNG,Tue 14:00-16:50,3,MR,English,To be reviewed case by case (basic proficiency of CCM is required),,
SCC,CCM,GTCU2023,"Culture and Art - Images, Objects, Themes (1001)",3,Dr. Purrie Pui-Yee NG,Wed 19:00-21:50,3,GE2021,English,,,
SCC,CCM,TEM2003,Introduction to Hospitality and Tourism (1001),3,Ms. K.K Wanqi WAN,Fri 10:00-11:50,2,FE,English,,,
SCC,CCM,TEM2003,Introduction to Hospitality and Tourism (1001),3,Ms. K.K Wanqi WAN,Tue 13:00-13:50,1,FE,English,,,
SCC,CTV,CTV2013,Principles of Photo Imaging (1002),3,Dr. Damien Rinaldo TOMASELLI,Mon 13:00-14:50,2,FE,English,,,
SCC,CTV,CTV2013,Principles of Photo Imaging (1002),3,Dr. Damien Rinaldo TOMASELLI,Thu 14:00-14:50,1,FE,English,,,
SCC,CTV,CTV3013,Documentary Film Production (1001),3,Mr. Max Xiao MA,Thu 19:00-21:50,3,FE,English,,,
SCC,CTV,CTV3133,Cinema and Film Culture in the Digital Era (1001),3,Dr. Qi LI,Thu 19:00-21:50,3,FE,English,,,
SCC,CTV,CTV4173,Multiple Media Narrative Writing (1001),3,Mr. Andrew William PEAT,Tue 19:00-21:50,3,FE,English,,,
SCC,CTV,TAP3013,Directing and Producing: Advance Theatre Making (1001),3,Dr. William John AITCHISON,Wed 19:00-21:50,3,FE,English,,,
SCC,CTV,TAP4003,Post-dramatic Theatre and Digital Performance Making (1001),3,Dr. William John AITCHISON,Thu 19:00-21:50,3,FE,English,,,
SCC,ELC,UCAI1003,Introduction to AI Literacy (1001),3,Dr. Donald Weston HARPER & Dr. Hui MA & Dr. Raymond Shu Tak LEE & Dr. Zhan CHEN & Prof. Matthew James SANSOM,Fri 13:00-15:50,3,GE2021,English,,,
SCC,ELC,UCAI1003,Introduction to AI Literacy (1002),3,Dr. Donald Weston HARPER & Dr. Hui MA & Dr. Thomas Canhao XU & Dr. Zhan CHEN & Prof. Matthew James SANSOM,Thu 18:00-20:50,3,GE2021,English,,,
SCC,ELC,UCAI1003,Introduction to AI Literacy (1003),3,Dr. Donald Weston HARPER & Dr. Hui MA & Dr. Wonjung LEE & Dr. Zhan CHEN & Prof. Matthew James SANSOM,Mon 8:00-10:50,3,GE2021,English,,,
SCC,GD,MAD3013,Interactive Arts and Design (1003),3,Dr. Yuhan JI,Mon 13:00-14:50,2,FE,English,,,
SCC,GD,MAD3013,Interactive Arts and Design (1003),3,Dr. Yuhan JI,Thu 14:00-14:50,1,FE,English,,,
SCC,MAD,GCAP3073,Community Festivals: Cultural Events and Management (1002),3,Ms. Edith Yueran ZHANG,Thu 19:00-21:50,3,GE2021,English,,,
SCC,MAD,GCAP3073,Community Festivals: Cultural Events and Management (1003),3,Ms. Edith Yueran ZHANG,Mon 19:00-21:50,3,GE2021,English,,,
SCC,MAD,MAD2003,Design Fundamentals (1003),3,Ms. Moke LI,Wed 19:00-21:50,3,FE,English,,,
SCC,MAD,MAD3003,Photography (1001),3,Dr. Andy Tat Keung TAM,Tue 19:00-21:50,3,FE,English,,,
SCC,MAD,MAD3073,Language for Audio-visual Design (1001),3,Ms. Edith Yueran ZHANG,Mon 13:00-15:50,3,FE,English,,,
SCC,MAD,MAD4113,Principles of Product Design and Exhibition (1001),3,Ms. Pauline Baoling HAN,Thu 19:00-21:50,3,FE,English,,,
SCC,MUS,MUS1083,Choral Studies (1001),3,Mr. Mars Siu Hong LEI,Wed 10:00-11:50,2,FE,English,,,
SCC,MUS,MUS1083,Choral Studies (1001),3,Mr. Mars Siu Hong LEI,Wed 13:00-13:50,1,FE,English,,,
SCC,MUS,MUS1103,Orchestral Studies (1001),3,Mr. Li XU,Tue 19:00-21:50,3,FE,English,,,
SCC,MUS,MUS1113,Introduction to World Music (1001),3,Dr. Leonie Xuying LI,Mon 19:00-21:50,3,FE,English,,,
SCC,MUS,MUS1123,Chamber Music Studies (1001),3,Dr. Echo Fanqin MENG,Mon 13:00-14:50,2,FE,English,,,
SCC,MUS,MUS1123,Chamber Music Studies (1001),3,Dr. Echo Fanqin MENG,Thu 14:00-14:50,1,FE,English,,,
SCC,MUS,MUS2433,Introduction to Musical Theatre (1001),3,Ms. Jie WANG,Mon 13:00-14:50,2,FE,English,,,
SCC,MUS,MUS2433,Introduction to Musical Theatre (1001),3,Ms. Jie WANG,Thu 14:00-14:50,1,FE,English,,,
SCC,MUS,MUS3003,Music Since 1945 (1001),3,Mr. Adrien Xiaobo PU,Thu 19:00-21:50,3,FE,English,,,
SCC,THEM,CCM2113,Event Planning and Management (1002),3,Dr. Purrie Pui-Yee NG,Tue 10:00-11:50,2,FE,English,,,
SCC,THEM,CCM2113,Event Planning and Management (1002),3,Dr. Purrie Pui-Yee NG,Wed 13:00-13:50,1,FE,English,,,
SCC,THEM,CCM2113,Event Planning and Management (1001),3,Dr. Purrie Pui-Yee NG,Tue 10:00-11:50,2,ME,English,To be reviewed case by case (basic proficiency of THEM is required),,
SCC,THEM,CCM2113,Event Planning and Management (1001),3,Dr. Purrie Pui-Yee NG,Wed 13:00-13:50,1,ME,English,To be reviewed case by case (basic proficiency of THEM is required),,
SCC,THEM,CCM4053,Cultural Heritage and Tourism (1001),3,Ms. K.K Wanqi WAN,Tue 15:00-16:50,2,MR,English,To be reviewed case by case (basic proficiency of THEM is required),,
SCC,THEM,CCM4053,Cultural Heritage and Tourism (1001),3,Ms. K.K Wanqi WAN,Thu 10:00-10:50,1,MR,English,To be reviewed case by case (basic proficiency of THEM is required),,
SCC,THEM,GCAP3073,Community Festivals: Cultural Events and Management (1001),3,Dr. Ho-Kai CHAN,Tue 19:00-21:50,3,GE2021,English,,,
SCC,THEM,GTCU2133,Innovation in Culture and Tourism (1001),3,Dr. Ho-Kai CHAN,Thu 19:00-21:50,3,GE2021,English,,,
SCC,THEM,THEM2003,Theme Parks and Attractions Management (1001),3,Dr. Ho-Kai CHAN,Mon 19:00-21:50,3,FE,English,,,
SCC,THEM,THEM2023,Sports Management (1002),3,Dr. Hannah Xiaonan ZHANG,Mon 19:00-21:50,3,FE,English,,,
SCC,THEM,THEM3073,"Meetings, Incentives, Conferences and Events Management (1001)",3,Dr. Xi WANG,Tue 16:00-17:50,2,MR,English,To be reviewed case by case (basic proficiency of THEM is required),,
SCC,THEM,THEM3073,"Meetings, Incentives, Conferences and Events Management (1001)",3,Dr. Xi WANG,Wed 11:00-11:50,1,MR,English,To be reviewed case by case (basic proficiency of THEM is required),,
SCC,THEM,THEM3093,Food and Beverage Outlet Design (1002),3,Dr. Liheng ZHANG,Thu 19:00-21:50,3,FE,English,,,
SCC,THEM,THEM3093,Food and Beverage Outlet Design (1001),3,Dr. Liheng ZHANG,Thu 19:00-21:50,3,ME,English,To be reviewed case by case (basic proficiency of THEM is required),,
SCC,THEM,THEM3113,Tourism Development Planning (1001),3,Dr. Liheng ZHANG,Fri 13:00-15:50,3,MR,English,To be reviewed case by case (basic proficiency of THEM is required),,
SCC,THEM,THEM4003,Strategic Management in Tourism and Hospitality (1001),3,Dr. Liheng ZHANG,Thu 9:00-11:50,3,MR,English,To be reviewed case by case (basic proficiency of THEM is required),,
SGE,CLCC,CHI10738002,Contemporary Chinese Society and Thought I (1001),3,Dr. Caroline Xiaoxiao HE & Mr. Simon Yong LIU,Tue 10:00-11:50,2,UC,Chinese,Intermediate Chinese proficiency required (Chinese students only),,
SGE,CLCC,CHI10738002,Contemporary Chinese Society and Thought I (1001),3,Dr. Caroline Xiaoxiao HE & Mr. Simon Yong LIU,Wed 13:00-13:50,1,UC,Chinese,Intermediate Chinese proficiency required (Chinese students only),,
SGE,CLCC,CHI10738002,Contemporary Chinese Society and Thought I (1002),3,Dr. Lea Zhen LUO,Tue 15:00-16:50,2,UC,Chinese,Intermediate Chinese proficiency required (Chinese students only),,
SGE,CLCC,CHI10738002,Contemporary Chinese Society and Thought I (1002),3,Dr. Lea Zhen LUO,Mon 11:00-11:50,1,UC,Chinese,Intermediate Chinese proficiency required (Chinese students only),,
SGE,CLCC,CHI10738002,Contemporary Chinese Society and Thought I (1003),3,Mr. Eric Yong YANG,Thu 10:00-11:50,2,UC,Chinese,Intermediate Chinese proficiency required (Chinese students only),,
SGE,CLCC,CHI10738002,Contemporary Chinese Society and Thought I (1003),3,Mr. Eric Yong YANG,Mon 17:00-17:50,1,UC,Chinese,Intermediate Chinese proficiency required (Chinese students only),,
SGE,CLCC,CHI10738002,Contemporary Chinese Society and Thought I (1004),3,Ms. Cherry Ling ZHENG,Wed 8:00-9:50,2,UC,Chinese,Intermediate Chinese proficiency required (Chinese students only),,
SGE,CLCC,CHI10738002,Contemporary Chinese Society and Thought I (1004),3,Ms. Cherry Ling ZHENG,Mon 15:00-15:50,1,UC,Chinese,Intermediate Chinese proficiency required (Chinese students only),,
SGE,CLCC,CHI10738002,Contemporary Chinese Society and Thought I (1005),3,Ms. Lily Lili LIANG,Wed 9:00-10:50,2,UC,Chinese,Intermediate Chinese proficiency required (Chinese students only),,
SGE,CLCC,CHI10738002,Contemporary Chinese Society and Thought I (1005),3,Ms. Lily Lili LIANG,Thu 11:00-11:50,1,UC,Chinese,Intermediate Chinese proficiency required (Chinese students only),,
SGE,CLCC,CHI10738002,Contemporary Chinese Society and Thought I (1006),3,Ms. Angela Chunhua LIU,Tue 14:00-15:50,2,UC,Chinese,Intermediate Chinese proficiency required (Chinese students only),,
SGE,CLCC,CHI10738002,Contemporary Chinese Society and Thought I (1006),3,Ms. Angela Chunhua LIU,Wed 9:00-9:50,1,UC,Chinese,Intermediate Chinese proficiency required (Chinese students only),,
SGE,CLCC,CHI10738002,Contemporary Chinese Society and Thought I (1007),3,Ms. Jenny Mengya ZHANG,Mon 15:00-16:50,2,UC,Chinese,Intermediate Chinese proficiency required (Chinese students only),,
SGE,CLCC,CHI10738002,Contemporary Chinese Society and Thought I (1007),3,Ms. Jenny Mengya ZHANG,Tue 16:00-16:50,1,UC,Chinese,Intermediate Chinese proficiency required (Chinese students only),,
SGE,CLCC,CHI10738002,Contemporary Chinese Society and Thought I (1008),3,Ms. Hazel Qiaoyu GUO,Thu 8:00-9:50,2,UC,Chinese,Intermediate Chinese proficiency required (Chinese students only),,
SGE,CLCC,CHI10738002,Contemporary Chinese Society and Thought I (1008),3,Ms. Hazel Qiaoyu GUO,Mon 11:00-11:50,1,UC,Chinese,Intermediate Chinese proficiency required (Chinese students only),,
SGE,CLCC,CHI10738002,Contemporary Chinese Society and Thought I (1009),3,CLCC New Teacher 1,Fri 13:00-14:50,2,UC,Chinese,Intermediate Chinese proficiency required (Chinese students only),,
SGE,CLCC,CHI10738002,Contemporary Chinese Society and Thought I (1009),3,CLCC New Teacher 1,Tue 16:00-16:50,1,UC,Chinese,Intermediate Chinese proficiency required (Chinese students only),,
SGE,CLCC,CHI10738002,Contemporary Chinese Society and Thought I (1010),3,CLCC New Teacher 2,Fri 13:00-14:50,2,UC,Chinese,Intermediate Chinese proficiency required (Chinese students only),,
SGE,CLCC,CHI10738002,Contemporary Chinese Society and Thought I (1010),3,CLCC New Teacher 2,Wed 11:00-11:50,1,UC,Chinese,Intermediate Chinese proficiency required (Chinese students only),,
SGE,CLCC,CHI11038002,Introduction to Modern Social Theories (1001),3,CLCC New Teacher 4 & Ms. Dannie Danni WANG & Ms. Yvonne Ying YU,Mon 18:00-20:50,3,UC,Chinese,Intermediate Chinese proficiency required (Chinese students only),,
SGE,CLCC,CHI1113,Comparative Ethics: China and the West (1001),3,Dr. Sara Kar Bo WONG,Mon 13:00-14:50,2,FE,English,,,
SGE,CLCC,CHI1113,Comparative Ethics: China and the West (1001),3,Dr. Sara Kar Bo WONG,Thu 14:00-14:50,1,FE,English,,,
SGE,CLCC,CHI1183,Contemporary Chinese Society and Thoughts (Social Practice) (1001),2,Prof. Hongyu WU & Mr. Simon Yong LIU,,,UC,Chinese and English,Intermediate Chinese proficiency required (Chinese students only),,
SGE,CLCC,CHI12038002,Morality and Foundations of Law (1001),3,Dr. Qin WANG & Ms. Zhuo WANG,Thu 15:00-16:50,2,UC,Chinese,Intermediate Chinese proficiency required (Chinese students only),,
SGE,CLCC,CHI12038002,Morality and Foundations of Law (1001),3,Dr. Qin WANG & Ms. Zhuo WANG,Mon 16:00-16:50,1,UC,Chinese,Intermediate Chinese proficiency required (Chinese students only),,
SGE,CLCC,CHI12038002,Morality and Foundations of Law (1002),3,Dr. Qin WANG & Ms. Caiwei CHEN,Fri 13:00-14:50,2,UC,Chinese,Intermediate Chinese proficiency required (Chinese students only),,
SGE,CLCC,CHI12038002,Morality and Foundations of Law (1002),3,Dr. Qin WANG & Ms. Caiwei CHEN,Wed 13:00-13:50,1,UC,Chinese,Intermediate Chinese proficiency required (Chinese students only),,
SGE,CLCC,CHI12038002,Morality and Foundations of Law (1003),3,Dr. Bingzhao WU & Ms. Friling Yinglin FAN,Fri 15:00-16:50,2,UC,Chinese,Intermediate Chinese proficiency required (Chinese students only),,
SGE,CLCC,CHI12038002,Morality and Foundations of Law (1003),3,Dr. Bingzhao WU & Ms. Friling Yinglin FAN,Mon 9:00-9:50,1,UC,Chinese,Intermediate Chinese proficiency required (Chinese students only),,
SGE,CLCC,CHI12038002,Morality and Foundations of Law (1004),3,Dr. Caroline Xiaoxiao HE & Mr. Minghao ZHU,Tue 14:00-15:50,2,UC,Chinese,Intermediate Chinese proficiency required (Chinese students only),,
SGE,CLCC,CHI12038002,Morality and Foundations of Law (1004),3,Dr. Caroline Xiaoxiao HE & Mr. Minghao ZHU,Mon 15:00-15:50,1,UC,Chinese,Intermediate Chinese proficiency required (Chinese students only),,
SGE,CLCC,CHI12038002,Morality and Foundations of Law (1005),3,Dr. Caroline Xiaoxiao HE & Mr. Simon Yong LIU,Thu 9:00-10:50,2,UC,Chinese,Intermediate Chinese proficiency required (Chinese students only),,
SGE,CLCC,CHI12038002,Morality and Foundations of Law (1005),3,Dr. Caroline Xiaoxiao HE & Mr. Simon Yong LIU,Mon 17:00-17:50,1,UC,Chinese,Intermediate Chinese proficiency required (Chinese students only),,
SGE,CLCC,CHI12038002,Morality and Foundations of Law (1006),3,Dr. Hua HUANG & Ms. Yuqiao YUE,Thu 15:00-16:50,2,UC,Chinese,Intermediate Chinese proficiency required (Chinese students only),,
SGE,CLCC,CHI12038002,Morality and Foundations of Law (1006),3,Dr. Hua HUANG & Ms. Yuqiao YUE,Mon 16:00-16:50,1,UC,Chinese,Intermediate Chinese proficiency required (Chinese students only),,
SGE,CLCC,CHI12038002,Morality and Foundations of Law (1007),3,Dr. Hua HUANG & Ms. Wendy Wenxin DENG,Tue 14:00-15:50,2,UC,Chinese,Intermediate Chinese proficiency required (Chinese students only),,
SGE,CLCC,CHI12038002,Morality and Foundations of Law (1007),3,Dr. Hua HUANG & Ms. Wendy Wenxin DENG,Mon 15:00-15:50,1,UC,Chinese,Intermediate Chinese proficiency required (Chinese students only),,
SGE,CLCC,CHI12038002,Morality and Foundations of Law (1008),3,Dr. Jieling LI,Tue 14:00-15:50,2,UC,Chinese,Intermediate Chinese proficiency required (Chinese students only),,
SGE,CLCC,CHI12038002,Morality and Foundations of Law (1008),3,Dr. Jieling LI,Mon 11:00-11:50,1,UC,Chinese,Intermediate Chinese proficiency required (Chinese students only),,
SGE,CLCC,CHI12038002,Morality and Foundations of Law (1009),3,Dr. Jieling LI,Fri 15:00-16:50,2,UC,Chinese,Intermediate Chinese proficiency required (Chinese students only),,
SGE,CLCC,CHI12038002,Morality and Foundations of Law (1009),3,Dr. Jieling LI,Mon 10:00-10:50,1,UC,Chinese,Intermediate Chinese proficiency required (Chinese students only),,
SGE,CLCC,CHI12038002,Morality and Foundations of Law (1010),3,Dr. Zia Ziyan LI,Mon 16:00-17:50,2,UC,Chinese,Intermediate Chinese proficiency required (Chinese students only),,
SGE,CLCC,CHI12038002,Morality and Foundations of Law (1010),3,Dr. Zia Ziyan LI,Thu 15:00-15:50,1,UC,Chinese,Intermediate Chinese proficiency required (Chinese students only),,
SGE,CLCC,CHI12038002,Morality and Foundations of Law (1011),3,Dr. Zia Ziyan LI,Tue 10:00-11:50,2,UC,Chinese,Intermediate Chinese proficiency required (Chinese students only),,
SGE,CLCC,CHI12038002,Morality and Foundations of Law (1011),3,Dr. Zia Ziyan LI,Mon 10:00-10:50,1,UC,Chinese,Intermediate Chinese proficiency required (Chinese students only),,
SGE,CLCC,CHI12038002,Morality and Foundations of Law (1012),3,Dr. Lea Zhen LUO,Mon 9:00-10:50,2,UC,Chinese,Intermediate Chinese proficiency required (Chinese students only),,
SGE,CLCC,CHI12038002,Morality and Foundations of Law (1012),3,Dr. Lea Zhen LUO,Wed 13:00-13:50,1,UC,Chinese,Intermediate Chinese proficiency required (Chinese students only),,
SGE,CLCC,CHI12038002,Morality and Foundations of Law (1013),3,Dr. Lea Zhen LUO,Tue 10:00-11:50,2,UC,Chinese,Intermediate Chinese proficiency required (Chinese students only),,
SGE,CLCC,CHI12038002,Morality and Foundations of Law (1013),3,Dr. Lea Zhen LUO,Mon 16:00-16:50,1,UC,Chinese,Intermediate Chinese proficiency required (Chinese students only),,
SGE,CLCC,CHI12038002,Morality and Foundations of Law (1014),3,Mr. Eric Yong YANG,Tue 16:00-17:50,2,UC,Chinese,Intermediate Chinese proficiency required (Chinese students only),,
SGE,CLCC,CHI12038002,Morality and Foundations of Law (1014),3,Mr. Eric Yong YANG,Mon 10:00-10:50,1,UC,Chinese,Intermediate Chinese proficiency required (Chinese students only),,
SGE,CLCC,CHI12038002,Morality and Foundations of Law (1015),3,Mr. Eric Yong YANG,Tue 14:00-15:50,2,UC,Chinese,Intermediate Chinese proficiency required (Chinese students only),,
SGE,CLCC,CHI12038002,Morality and Foundations of Law (1015),3,Mr. Eric Yong YANG,Mon 9:00-9:50,1,UC,Chinese,Intermediate Chinese proficiency required (Chinese students only),,
SGE,CLCC,CHI12038002,Morality and Foundations of Law (1016),3,Ms. Cherry Ling ZHENG,Thu 16:00-17:50,2,UC,Chinese,Intermediate Chinese proficiency required (Chinese students only),,
SGE,CLCC,CHI12038002,Morality and Foundations of Law (1016),3,Ms. Cherry Ling ZHENG,Mon 11:00-11:50,1,UC,Chinese,Intermediate Chinese proficiency required (Chinese students only),,
SGE,CLCC,CHI12038002,Morality and Foundations of Law (1017),3,Ms. Cherry Ling ZHENG,Tue 10:00-11:50,2,UC,Chinese,Intermediate Chinese proficiency required (Chinese students only),,
SGE,CLCC,CHI12038002,Morality and Foundations of Law (1017),3,Ms. Cherry Ling ZHENG,Mon 9:00-9:50,1,UC,Chinese,Intermediate Chinese proficiency required (Chinese students only),,
SGE,CLCC,CHI12038002,Morality and Foundations of Law (1018),3,Ms. Lily Lili LIANG,Tue 16:00-17:50,2,UC,Chinese,Intermediate Chinese proficiency required (Chinese students only),,
SGE,CLCC,CHI12038002,Morality and Foundations of Law (1018),3,Ms. Lily Lili LIANG,Mon 11:00-11:50,1,UC,Chinese,Intermediate Chinese proficiency required (Chinese students only),,
SGE,CLCC,CHI12038002,Morality and Foundations of Law (1019),3,Ms. Lily Lili LIANG,Tue 10:00-11:50,2,UC,Chinese,Intermediate Chinese proficiency required (Chinese students only),,
SGE,CLCC,CHI12038002,Morality and Foundations of Law (1019),3,Ms. Lily Lili LIANG,Mon 9:00-9:50,1,UC,Chinese,Intermediate Chinese proficiency required (Chinese students only),,
SGE,CLCC,CHI12038002,Morality and Foundations of Law (1020),3,Ms. Candy Jingjing CAI,Tue 16:00-17:50,2,UC,Chinese,Intermediate Chinese proficiency required (Chinese students only),,
SGE,CLCC,CHI12038002,Morality and Foundations of Law (1020),3,Ms. Candy Jingjing CAI,Mon 11:00-11:50,1,UC,Chinese,Intermediate Chinese proficiency required (Chinese students only),,
SGE,CLCC,CHI12038002,Morality and Foundations of Law (1021),3,Ms. Candy Jingjing CAI,Tue 10:00-11:50,2,UC,Chinese,Intermediate Chinese proficiency required (Chinese students only),,
SGE,CLCC,CHI12038002,Morality and Foundations of Law (1021),3,Ms. Candy Jingjing CAI,Mon 10:00-10:50,1,UC,Chinese,Intermediate Chinese proficiency required (Chinese students only),,
SGE,CLCC,CHI12038002,Morality and Foundations of Law (1022),3,Ms. Angela Chunhua LIU,Thu 9:00-10:50,2,UC,Chinese,Intermediate Chinese proficiency required (Chinese students only),,
SGE,CLCC,CHI12038002,Morality and Foundations of Law (1022),3,Ms. Angela Chunhua LIU,Mon 15:00-15:50,1,UC,Chinese,Intermediate Chinese proficiency required (Chinese students only),,
SGE,CLCC,CHI12038002,Morality and Foundations of Law (1023),3,Ms. Angela Chunhua LIU,Wed 10:00-11:50,2,UC,Chinese,Intermediate Chinese proficiency required (Chinese students only),,
SGE,CLCC,CHI12038002,Morality and Foundations of Law (1023),3,Ms. Angela Chunhua LIU,Mon 17:00-17:50,1,UC,Chinese,Intermediate Chinese proficiency required (Chinese students only),,
SGE,CLCC,CHI12038002,Morality and Foundations of Law (1024),3,Ms. Jenny Mengya ZHANG,Fri 13:00-14:50,2,UC,Chinese,Intermediate Chinese proficiency required (Chinese students only),,
SGE,CLCC,CHI12038002,Morality and Foundations of Law (1024),3,Ms. Jenny Mengya ZHANG,Wed 13:00-13:50,1,UC,Chinese,Intermediate Chinese proficiency required (Chinese students only),,
SGE,CLCC,CHI12038002,Morality and Foundations of Law (1025),3,Ms. Jenny Mengya ZHANG,Mon 10:00-11:50,2,UC,Chinese,Intermediate Chinese proficiency required (Chinese students only),,
SGE,CLCC,CHI12038002,Morality and Foundations of Law (1025),3,Ms. Jenny Mengya ZHANG,Fri 17:00-17:50,1,UC,Chinese,Intermediate Chinese proficiency required (Chinese students only),,
SGE,CLCC,CHI12038002,Morality and Foundations of Law (1026),3,Ms. Hazel Qiaoyu GUO,Mon 16:00-17:50,2,UC,Chinese,Intermediate Chinese proficiency required (Chinese students only),,
SGE,CLCC,CHI12038002,Morality and Foundations of Law (1026),3,Ms. Hazel Qiaoyu GUO,Thu 17:00-17:50,1,UC,Chinese,Intermediate Chinese proficiency required (Chinese students only),,
SGE,CLCC,CHI12038002,Morality and Foundations of Law (1027),3,Ms. Hazel Qiaoyu GUO,Tue 10:00-11:50,2,UC,Chinese,Intermediate Chinese proficiency required (Chinese students only),,
SGE,CLCC,CHI12038002,Morality and Foundations of Law (1027),3,Ms. Hazel Qiaoyu GUO,Mon 15:00-15:50,1,UC,Chinese,Intermediate Chinese proficiency required (Chinese students only),,
SGE,CLCC,CHI12038002,Morality and Foundations of Law (1028),3,CLCC New Teacher 1,Mon 16:00-17:50,2,UC,Chinese,Intermediate Chinese proficiency required (Chinese students only),,
SGE,CLCC,CHI12038002,Morality and Foundations of Law (1028),3,CLCC New Teacher 1,Thu 10:00-10:50,1,UC,Chinese,Intermediate Chinese proficiency required (Chinese students only),,
SGE,CLCC,CHI12038002,Morality and Foundations of Law (1029),3,CLCC New Teacher 1,Mon 9:00-10:50,2,UC,Chinese,Intermediate Chinese proficiency required (Chinese students only),,
SGE,CLCC,CHI12038002,Morality and Foundations of Law (1029),3,CLCC New Teacher 1,Thu 11:00-11:50,1,UC,Chinese,Intermediate Chinese proficiency required (Chinese students only),,
SGE,CLCC,CHI12038002,Morality and Foundations of Law (1030),3,CLCC New Teacher 2,Mon 15:00-16:50,2,UC,Chinese,Intermediate Chinese proficiency required (Chinese students only),,
SGE,CLCC,CHI12038002,Morality and Foundations of Law (1030),3,CLCC New Teacher 2,Tue 16:00-16:50,1,UC,Chinese,Intermediate Chinese proficiency required (Chinese students only),,
SGE,CLCC,CHI12038002,Morality and Foundations of Law (1031),3,CLCC New Teacher 2,Tue 14:00-15:50,2,UC,Chinese,Intermediate Chinese proficiency required (Chinese students only),,
SGE,CLCC,CHI12038002,Morality and Foundations of Law (1031),3,CLCC New Teacher 2,Mon 17:00-17:50,1,UC,Chinese,Intermediate Chinese proficiency required (Chinese students only),,
SGE,CLCC,CHI1263,Poetic Expression in Classical Chinese Culture (1001),3,Dr. James Zhixiang YANG,Tue 8:00-9:50,2,FE,English,,,
SGE,CLCC,CHI1263,Poetic Expression in Classical Chinese Culture (1001),3,Dr. James Zhixiang YANG,Thu 13:00-13:50,1,FE,English,,,
SGE,CLCC,GCCH1033,Elementary Chinese I (1001),3,Ms. Candy Jingjing CAI,Not Arranged,2,UC,English,A language test is needed.,,
SGE,CLCC,GCCH1033,Elementary Chinese I (1001),3,Ms. Candy Jingjing CAI,Not Arranged,1,UC,English,A language test is needed.,,
SGE,CLCC,GCCH2003,Intermediate Chinese I (1001),3,Dr. Jenny Yan CUI,Not Arranged,2,UC,English,A language test is needed.,,
SGE,CLCC,GCCH2003,Intermediate Chinese I (1001),3,Dr. Jenny Yan CUI,Not Arranged,1,UC,English,A language test is needed.,,
SGE,CLCC,GCCH2013,Intermediate Chinese II (1001),3,Dr. Jenny Yan CUI,Not Arranged,2,UC,English,A language test is needed.,,
SGE,CLCC,GCCH2013,Intermediate Chinese II (1001),3,Dr. Jenny Yan CUI,Not Arranged,1,UC,English,A language test is needed.,,
SGE,CLCC,GCCH3013,Advanced Chinese II (1001),3,Dr. Jenny Yan CUI,Not Arranged,2,UC,English,A language test is needed.,,
SGE,CLCC,GCCH3013,Advanced Chinese II (1001),3,Dr. Jenny Yan CUI,Not Arranged,1,UC,English,A language test is needed.,,
SGE,CLCC,HUM1053,Global Architecture Through Cultural Shifts (1001),3,CLCC New Teacher 3,Mon 13:00-15:50,3,FE,English,,,
SGE,CLCC,UCLC1003,University Chinese (1001),3,Prof. Hongyu WU & Mr. Simon Yong LIU,Wed 10:00-11:50,2,UC,Chinese,Intermediate Chinese proficiency required (Chinese students only),,
SGE,CLCC,UCLC1003,University Chinese (1001),3,Prof. Hongyu WU & Mr. Simon Yong LIU,Mon 8:00-8:50,1,UC,Chinese,Intermediate Chinese proficiency required (Chinese students only),,
SGE,CLCC,UCLC1003,University Chinese (1002),3,Dr. Qin WANG & Ms. Caiwei CHEN,Fri 16:00-17:50,2,UC,Chinese,Intermediate Chinese proficiency required (Chinese students only),,
SGE,CLCC,UCLC1003,University Chinese (1002),3,Dr. Qin WANG & Ms. Caiwei CHEN,Wed 9:00-9:50,1,UC,Chinese,Intermediate Chinese proficiency required (Chinese students only),,
SGE,CLCC,UCLC1003,University Chinese (1003),3,Dr. Tiezhu DONG & Ms. Yuqiao YUE,Thu 8:00-9:50,2,UC,Chinese,Intermediate Chinese proficiency required (Chinese students only),,
SGE,CLCC,UCLC1003,University Chinese (1003),3,Dr. Tiezhu DONG & Ms. Yuqiao YUE,Mon 15:00-15:50,1,UC,Chinese,Intermediate Chinese proficiency required (Chinese students only),,
SGE,CLCC,UCLC1003,University Chinese (1004),3,Dr. Tiezhu DONG & Ms. Wendy Wenxin DENG,Fri 8:00-9:50,2,UC,Chinese,Intermediate Chinese proficiency required (Chinese students only),,
SGE,CLCC,UCLC1003,University Chinese (1004),3,Dr. Tiezhu DONG & Ms. Wendy Wenxin DENG,Wed 9:00-9:50,1,UC,Chinese,Intermediate Chinese proficiency required (Chinese students only),,
SGE,CLCC,UCLC1003,University Chinese (1005),3,Dr. Tiezhu DONG & Ms. Wendy Wenxin DENG,Mon 16:00-17:50,2,UC,Chinese,Intermediate Chinese proficiency required (Chinese students only),,
SGE,CLCC,UCLC1003,University Chinese (1005),3,Dr. Tiezhu DONG & Ms. Wendy Wenxin DENG,Fri 17:00-17:50,1,UC,Chinese,Intermediate Chinese proficiency required (Chinese students only),,
SGE,CLCC,UCLC1003,University Chinese (1006),3,Dr. James Zhixiang YANG & Mr. Minghao ZHU,Mon 16:00-17:50,2,UC,Chinese,Intermediate Chinese proficiency required (Chinese students only),,
SGE,CLCC,UCLC1003,University Chinese (1006),3,Dr. James Zhixiang YANG & Mr. Minghao ZHU,Fri 8:00-8:50,1,UC,Chinese,Intermediate Chinese proficiency required (Chinese students only),,
SGE,CLCC,UCLC1003,University Chinese (1007),3,Dr. James Zhixiang YANG & Ms. Friling Yinglin FAN,Tue 10:00-11:50,2,UC,Chinese,Intermediate Chinese proficiency required (Chinese students only),,
SGE,CLCC,UCLC1003,University Chinese (1007),3,Dr. James Zhixiang YANG & Ms. Friling Yinglin FAN,Fri 17:00-17:50,1,UC,Chinese,Intermediate Chinese proficiency required (Chinese students only),,
SGE,CLCC,UCLC1003,University Chinese (1008),3,Dr. Yuan-Chih KUNG & Ms. Yuqiao YUE,Mon 13:00-14:50,2,UC,Chinese,Intermediate Chinese proficiency required (Chinese students only),,
SGE,CLCC,UCLC1003,University Chinese (1008),3,Dr. Yuan-Chih KUNG & Ms. Yuqiao YUE,Fri 8:00-8:50,1,UC,Chinese,Intermediate Chinese proficiency required (Chinese students only),,
SGE,CLCC,UCLC1003,University Chinese (1009),3,Dr. Yuan-Chih KUNG & Ms. Friling Yinglin FAN,Thu 9:00-10:50,2,UC,Chinese,Intermediate Chinese proficiency required (Chinese students only),,
SGE,CLCC,UCLC1003,University Chinese (1009),3,Dr. Yuan-Chih KUNG & Ms. Friling Yinglin FAN,Mon 17:00-17:50,1,UC,Chinese,Intermediate Chinese proficiency required (Chinese students only),,
SGE,CLCC,UCLC1003,University Chinese (1010),3,Dr. Yuan-Chih KUNG & Ms. Friling Yinglin FAN,Thu 16:00-17:50,2,UC,Chinese,Intermediate Chinese proficiency required (Chinese students only),,
SGE,CLCC,UCLC1003,University Chinese (1010),3,Dr. Yuan-Chih KUNG & Ms. Friling Yinglin FAN,Fri 14:00-14:50,1,UC,Chinese,Intermediate Chinese proficiency required (Chinese students only),,
SGE,CLCC,UCLC1003,University Chinese (1011),3,Dr. Yuan-Chih KUNG & Mr. Minghao ZHU,Mon 8:00-9:50,2,UC,Chinese,Intermediate Chinese proficiency required (Chinese students only),,
SGE,CLCC,UCLC1003,University Chinese (1011),3,Dr. Yuan-Chih KUNG & Mr. Minghao ZHU,Fri 9:00-9:50,1,UC,Chinese,Intermediate Chinese proficiency required (Chinese students only),,
SGE,CLCC,UCLC1003,University Chinese (1012),3,Dr. Yuan-Chih KUNG & Mr. Minghao ZHU,Wed 10:00-11:50,2,UC,Chinese,Intermediate Chinese proficiency required (Chinese students only),,
SGE,CLCC,UCLC1003,University Chinese (1012),3,Dr. Yuan-Chih KUNG & Mr. Minghao ZHU,Fri 15:00-15:50,1,UC,Chinese,Intermediate Chinese proficiency required (Chinese students only),,
SGE,CLCC,UCLC1003,University Chinese (1013),3,Dr. Hua HUANG & Ms. Yuqiao YUE,Thu 10:00-11:50,2,UC,Chinese,Intermediate Chinese proficiency required (Chinese students only),,
SGE,CLCC,UCLC1003,University Chinese (1013),3,Dr. Hua HUANG & Ms. Yuqiao YUE,Mon 11:00-11:50,1,UC,Chinese,Intermediate Chinese proficiency required (Chinese students only),,
SGE,CLCC,UCLC1003,University Chinese (1014),3,Dr. Jiaofeng HUANG & Ms. Zhuo WANG,Tue 14:00-15:50,2,UC,Chinese,Intermediate Chinese proficiency required (Chinese students only),,
SGE,CLCC,UCLC1003,University Chinese (1014),3,Dr. Jiaofeng HUANG & Ms. Zhuo WANG,Wed 8:00-8:50,1,UC,Chinese,Intermediate Chinese proficiency required (Chinese students only),,
SGE,CLCC,UCLC1003,University Chinese (1015),3,Dr. Jiaofeng HUANG & Ms. Zhuo WANG,Tue 16:00-17:50,2,UC,Chinese,Intermediate Chinese proficiency required (Chinese students only),,
SGE,CLCC,UCLC1003,University Chinese (1015),3,Dr. Jiaofeng HUANG & Ms. Zhuo WANG,Mon 10:00-10:50,1,UC,Chinese,Intermediate Chinese proficiency required (Chinese students only),,
SGE,CLCC,UCLC1003,University Chinese (1016),3,Dr. Jiaofeng HUANG & Ms. Caiwei CHEN,Mon 8:00-9:50,2,UC,Chinese,Intermediate Chinese proficiency required (Chinese students only),,
SGE,CLCC,UCLC1003,University Chinese (1016),3,Dr. Jiaofeng HUANG & Ms. Caiwei CHEN,Thu 10:00-10:50,1,UC,Chinese,Intermediate Chinese proficiency required (Chinese students only),,
SGE,CLCC,UCLC1003,University Chinese (1017),3,Dr. Jiaofeng HUANG & Ms. Caiwei CHEN,Thu 16:00-17:50,2,UC,Chinese,Intermediate Chinese proficiency required (Chinese students only),,
SGE,CLCC,UCLC1003,University Chinese (1017),3,Dr. Jiaofeng HUANG & Ms. Caiwei CHEN,Mon 11:00-11:50,1,UC,Chinese,Intermediate Chinese proficiency required (Chinese students only),,
SGE,CLCC,UCLC1003,University Chinese (1018),3,Dr. Jieling LI,Fri 8:00-9:50,2,UC,Chinese,Intermediate Chinese proficiency required (Chinese students only),,
SGE,CLCC,UCLC1003,University Chinese (1018),3,Dr. Jieling LI,Wed 13:00-13:50,1,UC,Chinese,Intermediate Chinese proficiency required (Chinese students only),,
SGE,CLCC,UCLC1003,University Chinese (1019),3,Dr. Zia Ziyan LI,Tue 16:00-17:50,2,UC,Chinese,Intermediate Chinese proficiency required (Chinese students only),,
SGE,CLCC,UCLC1003,University Chinese (1019),3,Dr. Zia Ziyan LI,Wed 8:00-8:50,1,UC,Chinese,Intermediate Chinese proficiency required (Chinese students only),,
SGE,ELC,ENG1083,Writing about Infographics (1001),3,Mr. Duncan Roy WOOD,Tue 8:00-9:50,2,FE,English,,,
SGE,ELC,ENG1083,Writing about Infographics (1001),3,Mr. Duncan Roy WOOD,Thu 13:00-13:50,1,FE,English,,,
SGE,ELC,ENG1083,Writing about Infographics (1002),3,Mr. Duncan Roy WOOD,Mon 13:00-14:50,2,FE,English,,,
SGE,ELC,ENG1083,Writing about Infographics (1002),3,Mr. Duncan Roy WOOD,Thu 14:00-14:50,1,FE,English,,,
SGE,ELC,ENG1083,Writing about Infographics (1003),3,Mr. Duncan Roy WOOD,Fri 10:00-11:50,2,FE,English,,,
SGE,ELC,ENG1083,Writing about Infographics (1003),3,Mr. Duncan Roy WOOD,Tue 13:00-13:50,1,FE,English,,,
SGE,ELC,ENG1083,Writing about Infographics (1004),3,Mr. Duncan Roy WOOD,Mon 10:00-11:50,2,FE,English,,,
SGE,ELC,ENG1083,Writing about Infographics (1004),3,Mr. Duncan Roy WOOD,Thu 9:00-9:50,1,FE,English,,,
SGE,ELC,ENG1083,Writing about Infographics (1005),3,Mr. Duncan Roy WOOD,Fri 13:00-14:50,2,FE,English,,,
SGE,ELC,ENG1083,Writing about Infographics (1005),3,Mr. Duncan Roy WOOD,Thu 10:00-10:50,1,FE,English,,,
SGE,ELC,ENG1083,Writing about Infographics (1006),3,Ms. Gil Lu WANG,Tue 8:00-9:50,2,FE,English,,,
SGE,ELC,ENG1083,Writing about Infographics (1006),3,Ms. Gil Lu WANG,Thu 13:00-13:50,1,FE,English,,,
SGE,ELC,ENG1083,Writing about Infographics (1007),3,Ms. Gil Lu WANG,Mon 13:00-14:50,2,FE,English,,,
SGE,ELC,ENG1083,Writing about Infographics (1007),3,Ms. Gil Lu WANG,Thu 14:00-14:50,1,FE,English,,,
SGE,ELC,ENG1083,Writing about Infographics (1008),3,Ms. Gil Lu WANG,Fri 10:00-11:50,2,FE,English,,,
SGE,ELC,ENG1083,Writing about Infographics (1008),3,Ms. Gil Lu WANG,Thu 11:00-11:50,1,FE,English,,,
SGE,ELC,ENG1083,Writing about Infographics (1009),3,Ms. Gil Lu WANG,Thu 9:00-10:50,2,FE,English,,,
SGE,ELC,ENG1083,Writing about Infographics (1009),3,Ms. Gil Lu WANG,Mon 10:00-10:50,1,FE,English,,,
SGE,ELC,ENG1083,Writing about Infographics (1010),3,Ms. Gil Lu WANG,Fri 13:00-14:50,2,FE,English,,,
SGE,ELC,ENG1083,Writing about Infographics (1010),3,Ms. Gil Lu WANG,Mon 11:00-11:50,1,FE,English,,,
SGE,ELC,ENG2233,Academic Writing with AI (1001),3,Mr. Amran ALI,Thu 13:00-14:50,2,FE,English,,,
SGE,ELC,ENG2233,Academic Writing with AI (1001),3,Mr. Amran ALI,Mon 11:00-11:50,1,FE,English,,,
SGE,ELC,ENG2233,Academic Writing with AI (1002),3,Mr. Amran ALI,Thu 15:00-16:50,2,FE,English,,,
SGE,ELC,ENG2233,Academic Writing with AI (1002),3,Mr. Amran ALI,Mon 14:00-14:50,1,FE,English,,,
SGE,ELC,ENG2233,Academic Writing with AI (1003),3,Mr. Amran ALI,Fri 10:00-11:50,2,FE,English,,,
SGE,ELC,ENG2233,Academic Writing with AI (1003),3,Mr. Amran ALI,Mon 13:00-13:50,1,FE,English,,,
SGE,ELC,ENG2233,Academic Writing with AI (1004),3,Mr. Amran ALI,Thu 9:00-10:50,2,FE,English,,,
SGE,ELC,ENG2233,Academic Writing with AI (1004),3,Mr. Amran ALI,Mon 9:00-9:50,1,FE,English,,,
SGE,ELC,ENG2233,Academic Writing with AI (1005),3,Mr. Amran ALI,Fri 13:00-14:50,2,FE,English,,,
SGE,ELC,ENG2233,Academic Writing with AI (1005),3,Mr. Amran ALI,Mon 10:00-10:50,1,FE,English,,,
SGE,ELC,ENG3283,English Through Critical Thinking (1001),3,Dr. David Matthew CONDUCT,Tue 8:00-9:50,2,FE,English,,,
SGE,ELC,ENG3283,English Through Critical Thinking (1001),3,Dr. David Matthew CONDUCT,Thu 13:00-13:50,1,FE,English,,,
SGE,ELC,ENG3283,English Through Critical Thinking (1002),3,Dr. David Matthew CONDUCT,Mon 13:00-14:50,2,FE,English,,,
SGE,ELC,ENG3283,English Through Critical Thinking (1002),3,Dr. David Matthew CONDUCT,Thu 14:00-14:50,1,FE,English,,,
SGE,ELC,ENG3283,English Through Critical Thinking (1003),3,Dr. David Matthew CONDUCT,Fri 10:00-11:50,2,FE,English,,,
SGE,ELC,ENG3283,English Through Critical Thinking (1003),3,Dr. David Matthew CONDUCT,Tue 13:00-13:50,1,FE,English,,,
SGE,ELC,ENG3283,English Through Critical Thinking (1004),3,Dr. David Matthew CONDUCT,Thu 16:00-17:50,2,FE,English,,,
SGE,ELC,ENG3283,English Through Critical Thinking (1004),3,Dr. David Matthew CONDUCT,Mon 10:00-10:50,1,FE,English,,,
SGE,ELC,ENG3283,English Through Critical Thinking (1005),3,Dr. David Matthew CONDUCT,Tue 10:00-11:50,2,FE,English,,,
SGE,ELC,ENG3283,English Through Critical Thinking (1005),3,Dr. David Matthew CONDUCT,Mon 11:00-11:50,1,FE,English,,,
SGE,ELC,ENG3293,Skills and Strategies for English Language Testing (1001),3,Mr. Samuel Francis GATES,Tue 10:00-11:50,2,FE,English,,,
SGE,ELC,ENG3293,Skills and Strategies for English Language Testing (1001),3,Mr. Samuel Francis GATES,Thu 13:00-13:50,1,FE,English,,,
SGE,ELC,ENG3293,Skills and Strategies for English Language Testing (1002),3,Mr. Samuel Francis GATES,Mon 13:00-14:50,2,FE,English,,,
SGE,ELC,ENG3293,Skills and Strategies for English Language Testing (1002),3,Mr. Samuel Francis GATES,Thu 14:00-14:50,1,FE,English,,,
SGE,ELC,ENG3293,Skills and Strategies for English Language Testing (1003),3,Mr. Samuel Francis GATES,Fri 10:00-11:50,2,FE,English,,,
SGE,ELC,ENG3293,Skills and Strategies for English Language Testing (1003),3,Mr. Samuel Francis GATES,Tue 13:00-13:50,1,FE,English,,,
SGE,ELC,ENG3293,Skills and Strategies for English Language Testing (1004),3,Mr. Samuel Francis GATES,Fri 13:00-14:50,2,FE,English,,,
SGE,ELC,ENG3293,Skills and Strategies for English Language Testing (1004),3,Mr. Samuel Francis GATES,Mon 10:00-10:50,1,FE,English,,,
SGE,ELC,ENG3293,Skills and Strategies for English Language Testing (1005),3,Mr. Samuel Francis GATES,Thu 10:00-11:50,2,FE,English,,,
SGE,ELC,ENG3293,Skills and Strategies for English Language Testing (1005),3,Mr. Samuel Francis GATES,Mon 9:00-9:50,1,FE,English,,,
SGE,ELC,ENG3803,Listen and Speak Up (1001),3,Mr. Jonathan Tyler AUSTIN,Tue 8:00-9:50,2,FE,English,,,
SGE,ELC,ENG3803,Listen and Speak Up (1001),3,Mr. Jonathan Tyler AUSTIN,Thu 13:00-13:50,1,FE,English,,,
SGE,ELC,ENG3803,Listen and Speak Up (1002),3,Mr. Jonathan Tyler AUSTIN,Mon 13:00-14:50,2,FE,English,,,
SGE,ELC,ENG3803,Listen and Speak Up (1002),3,Mr. Jonathan Tyler AUSTIN,Thu 14:00-14:50,1,FE,English,,,
SGE,ELC,ENG3803,Listen and Speak Up (1003),3,Mr. Jonathan Tyler AUSTIN,Fri 10:00-11:50,2,FE,English,,,
SGE,ELC,ENG3803,Listen and Speak Up (1003),3,Mr. Jonathan Tyler AUSTIN,Tue 13:00-13:50,1,FE,English,,,
SGE,ELC,ENG3803,Listen and Speak Up (1004),3,Mr. Jonathan Tyler AUSTIN,Mon 15:00-16:50,2,FE,English,,,
SGE,ELC,ENG3803,Listen and Speak Up (1004),3,Mr. Jonathan Tyler AUSTIN,Thu 15:00-15:50,1,FE,English,,,
SGE,ELC,ENG3803,Listen and Speak Up (1005),3,Mr. Jonathan Tyler AUSTIN,Tue 10:00-11:50,2,FE,English,,,
SGE,ELC,ENG3803,Listen and Speak Up (1005),3,Mr. Jonathan Tyler AUSTIN,Thu 16:00-16:50,1,FE,English,,,
SGE,ELC,ENG3813,Professional Communication (1001),3,Mr. Darrell Desmond REA,Tue 10:00-11:50,2,FE,English,,,
SGE,ELC,ENG3813,Professional Communication (1001),3,Mr. Darrell Desmond REA,Thu 13:00-13:50,1,FE,English,,,
SGE,ELC,ENG3813,Professional Communication (1002),3,Mr. Darrell Desmond REA,Mon 13:00-14:50,2,FE,English,,,
SGE,ELC,ENG3813,Professional Communication (1002),3,Mr. Darrell Desmond REA,Thu 14:00-14:50,1,FE,English,,,
SGE,ELC,ENG3813,Professional Communication (1003),3,Mr. Darrell Desmond REA,Fri 10:00-11:50,2,FE,English,,,
SGE,ELC,ENG3813,Professional Communication (1003),3,Mr. Darrell Desmond REA,Tue 13:00-13:50,1,FE,English,,,
SGE,ELC,ENG3813,Professional Communication (1004),3,Mr. Darrell Desmond REA,Thu 9:00-10:50,2,FE,English,,,
SGE,ELC,ENG3813,Professional Communication (1004),3,Mr. Darrell Desmond REA,Fri 13:00-13:50,1,FE,English,,,
SGE,ELC,ENG3813,Professional Communication (1005),3,Mr. Darrell Desmond REA,Mon 9:00-10:50,2,FE,English,,,
SGE,ELC,ENG3813,Professional Communication (1005),3,Mr. Darrell Desmond REA,Fri 9:00-9:50,1,FE,English,,,
SGE,ELC,ENG3833,Creative Interpretation and Expression (1001),3,Ms. Chang YAO,Tue 8:00-9:50,2,FE,English,,,
SGE,ELC,ENG3833,Creative Interpretation and Expression (1001),3,Ms. Chang YAO,Thu 13:00-13:50,1,FE,English,,,
SGE,ELC,ENG3833,Creative Interpretation and Expression (1002),3,Ms. Chang YAO,Mon 13:00-14:50,2,FE,English,,,
SGE,ELC,ENG3833,Creative Interpretation and Expression (1002),3,Ms. Chang YAO,Thu 14:00-14:50,1,FE,English,,,
SGE,ELC,ENG3833,Creative Interpretation and Expression (1003),3,Ms. Chang YAO,Fri 10:00-11:50,2,FE,English,,,
SGE,ELC,ENG3833,Creative Interpretation and Expression (1003),3,Ms. Chang YAO,Tue 13:00-13:50,1,FE,English,,,
SGE,ELC,ENG3833,Creative Interpretation and Expression (1004),3,Ms. Chang YAO,Fri 13:00-14:50,2,FE,English,,,
SGE,ELC,ENG3833,Creative Interpretation and Expression (1004),3,Ms. Chang YAO,Mon 17:00-17:50,1,FE,English,,,
SGE,ELC,ENG3833,Creative Interpretation and Expression (1005),3,Ms. Chang YAO,Tue 10:00-11:50,2,FE,English,,,
SGE,ELC,ENG3833,Creative Interpretation and Expression (1005),3,Ms. Chang YAO,Mon 9:00-9:50,1,FE,English,,,
SGE,ELC,UCLC1013,English for Academic Purposes I (1001),3,Mr. Jason REEVE,Mon 8:00-9:50,2,UC,English,,,
SGE,ELC,UCLC1013,English for Academic Purposes I (1001),3,Mr. Jason REEVE,Thu 10:00-10:50,1,UC,English,,,
SGE,ELC,UCLC1013,English for Academic Purposes I (1002),3,Dr. Xueshan ZHANG,Fri 13:00-14:50,2,UC,English,,,
SGE,ELC,UCLC1013,English for Academic Purposes I (1002),3,Dr. Xueshan ZHANG,Wed 10:00-10:50,1,UC,English,,,
SGE,ELC,UCLC1013,English for Academic Purposes I (1003),3,Ms. Melody Xuesi FENG,Tue 14:00-15:50,2,UC,English,,,
SGE,ELC,UCLC1013,English for Academic Purposes I (1003),3,Ms. Melody Xuesi FENG,Wed 13:00-13:50,1,UC,English,,,
SGE,ELC,UCLC1013,English for Academic Purposes I (1004),3,Ms. Rowan-Holly Menzies MCCAFFERY,Wed 10:00-11:50,2,UC,English,,,
SGE,ELC,UCLC1013,English for Academic Purposes I (1004),3,Ms. Rowan-Holly Menzies MCCAFFERY,Mon 9:00-9:50,1,UC,English,,,
SGE,ELC,UCLC1013,English for Academic Purposes I (1005),3,Mr. Tyrone Ashley DAVIES,Thu 9:00-10:50,2,UC,English,,,
SGE,ELC,UCLC1013,English for Academic Purposes I (1005),3,Mr. Tyrone Ashley DAVIES,Wed 13:00-13:50,1,UC,English,,,
SGE,ELC,UCLC1013,English for Academic Purposes I (1006),3,Dr. John Chon Io WONG,Tue 14:00-15:50,2,UC,English,,,
SGE,ELC,UCLC1013,English for Academic Purposes I (1006),3,Dr. John Chon Io WONG,Mon 15:00-15:50,1,UC,English,,,
SGE,ELC,UCLC1013,English for Academic Purposes I (1007),3,Mr. Vincent MCGURRAN,Thu 16:00-17:50,2,UC,English,,,
SGE,ELC,UCLC1013,English for Academic Purposes I (1007),3,Mr. Vincent MCGURRAN,Mon 11:00-11:50,1,UC,English,,,
SGE,ELC,UCLC1013,English for Academic Purposes I (1008),3,Ms. Jennifer Shiqi ZHAO,Thu 9:00-10:50,2,UC,English,,,
SGE,ELC,UCLC1013,English for Academic Purposes I (1008),3,Ms. Jennifer Shiqi ZHAO,Mon 10:00-10:50,1,UC,English,,,
SGE,ELC,UCLC1013,English for Academic Purposes I (1009),3,Ms. Cathy Shujing ZHANG,Fri 13:00-14:50,2,UC,English,,,
SGE,ELC,UCLC1013,English for Academic Purposes I (1009),3,Ms. Cathy Shujing ZHANG,Wed 9:00-9:50,1,UC,English,,,
SGE,ELC,UCLC1013,English for Academic Purposes I (1010),3,Dr. Craig COOPER,Mon 9:00-10:50,2,UC,English,,,
SGE,ELC,UCLC1013,English for Academic Purposes I (1010),3,Dr. Craig COOPER,Wed 11:00-11:50,1,UC,English,,,
SGE,ELC,UCLC1013,English for Academic Purposes I (1011),3,Mr. Vegas Demetrius JOHNSON,Mon 9:00-10:50,2,UC,English,,,
SGE,ELC,UCLC1013,English for Academic Purposes I (1011),3,Mr. Vegas Demetrius JOHNSON,Wed 13:00-13:50,1,UC,English,,,
SGE,ELC,UCLC1013,English for Academic Purposes I (1012),3,Mr. Lee NUTTALL,Tue 10:00-11:50,2,UC,English,,,
SGE,ELC,UCLC1013,English for Academic Purposes I (1012),3,Mr. Lee NUTTALL,Thu 15:00-15:50,1,UC,English,,,
SGE,ELC,UCLC1013,English for Academic Purposes I (1013),3,Mr. Jonathan James CORBETT,Thu 16:00-17:50,2,UC,English,,,
SGE,ELC,UCLC1013,English for Academic Purposes I (1013),3,Mr. Jonathan James CORBETT,Mon 15:00-15:50,1,UC,English,,,
SGE,ELC,UCLC1013,English for Academic Purposes I (1014),3,Ms. Lily Lili LIU,Thu 8:00-9:50,2,UC,English,,,
SGE,ELC,UCLC1013,English for Academic Purposes I (1014),3,Ms. Lily Lili LIU,Mon 11:00-11:50,1,UC,English,,,
SGE,ELC,UCLC1013,English for Academic Purposes I (1015),3,Dr. Ming NI,Mon 16:00-17:50,2,UC,English,,,
SGE,ELC,UCLC1013,English for Academic Purposes I (1015),3,Dr. Ming NI,Wed 13:00-13:50,1,UC,English,,,
SGE,ELC,UCLC1013,English for Academic Purposes I (1016),3,Ms. April Chenming HUANG,Thu 9:00-10:50,2,UC,English,,,
SGE,ELC,UCLC1013,English for Academic Purposes I (1016),3,Ms. April Chenming HUANG,Fri 14:00-14:50,1,UC,English,,,
SGE,ELC,UCLC1013,English for Academic Purposes I (1017),3,Mr. Zhenqian CHEN,Thu 15:00-16:50,2,UC,English,,,
SGE,ELC,UCLC1013,English for Academic Purposes I (1017),3,Mr. Zhenqian CHEN,Mon 15:00-15:50,1,UC,English,,,
SGE,ELC,UCLC1013,English for Academic Purposes I (1018),3,Ms. Danni ZHENG,Tue 10:00-11:50,2,UC,English,,,
SGE,ELC,UCLC1013,English for Academic Purposes I (1018),3,Ms. Danni ZHENG,Thu 11:00-11:50,1,UC,English,,,
SGE,ELC,UCLC1013,English for Academic Purposes I (1019),3,Mr. Paul Edward STEVENSON,Mon 9:00-10:50,2,UC,English,,,
SGE,ELC,UCLC1013,English for Academic Purposes I (1019),3,Mr. Paul Edward STEVENSON,Wed 11:00-11:50,1,UC,English,,,
SGE,ELC,UCLC1013,English for Academic Purposes I (1020),3,Ms. Stella Yan SHI,Thu 9:00-10:50,2,UC,English,,,
SGE,ELC,UCLC1013,English for Academic Purposes I (1020),3,Ms. Stella Yan SHI,Mon 11:00-11:50,1,UC,English,,,
SGE,ELC,UCLC1013,English for Academic Purposes I (1021),3,Dr. James Spurgeon BUDROW,Tue 10:00-11:50,2,UC,English,,,
SGE,ELC,UCLC1013,English for Academic Purposes I (1021),3,Dr. James Spurgeon BUDROW,Thu 11:00-11:50,1,UC,English,,,
SGE,ELC,UCLC1013,English for Academic Purposes I (1022),3,Ms. Jiani CHANG,Tue 10:00-11:50,2,UC,English,,,
SGE,ELC,UCLC1013,English for Academic Purposes I (1022),3,Ms. Jiani CHANG,Thu 11:00-11:50,1,UC,English,,,
SGE,ELC,UCLC1013,English for Academic Purposes I (1023),3,Ms. Melody Xuesi FENG,Tue 10:00-11:50,2,UC,English,,,
SGE,ELC,UCLC1013,English for Academic Purposes I (1023),3,Ms. Melody Xuesi FENG,Mon 10:00-10:50,1,UC,English,,,
SGE,ELC,UCLC1013,English for Academic Purposes I (1024),3,Mr. Jason REEVE,Wed 10:00-11:50,2,UC,English,,,
SGE,ELC,UCLC1013,English for Academic Purposes I (1024),3,Mr. Jason REEVE,Mon 15:00-15:50,1,UC,English,,,
SGE,ELC,UCLC1013,English for Academic Purposes I (1025),3,Dr. Xueshan ZHANG,Tue 10:00-11:50,2,UC,English,,,
SGE,ELC,UCLC1013,English for Academic Purposes I (1025),3,Dr. Xueshan ZHANG,Thu 11:00-11:50,1,UC,English,,,
SGE,ELC,UCLC1013,English for Academic Purposes I (1026),3,Ms. Sharon Hsiao-han CHEN,Tue 10:00-11:50,2,UC,English,,,
SGE,ELC,UCLC1013,English for Academic Purposes I (1026),3,Ms. Sharon Hsiao-han CHEN,Thu 11:00-11:50,1,UC,English,,,
SGE,ELC,UCLC1013,English for Academic Purposes I (1027),3,Ms. Rowan-Holly Menzies MCCAFFERY,Tue 10:00-11:50,2,UC,English,,,
SGE,ELC,UCLC1013,English for Academic Purposes I (1027),3,Ms. Rowan-Holly Menzies MCCAFFERY,Mon 10:00-10:50,1,UC,English,,,
SGE,ELC,UCLC1013,English for Academic Purposes I (1028),3,Mr. Tyrone Ashley DAVIES,Wed 9:00-10:50,2,UC,English,,,
SGE,ELC,UCLC1013,English for Academic Purposes I (1028),3,Mr. Tyrone Ashley DAVIES,Thu 15:00-15:50,1,UC,English,,,
SGE,ELC,UCLC1013,English for Academic Purposes I (1029),3,Dr. John Chon Io WONG,Wed 9:00-10:50,2,UC,English,,,
SGE,ELC,UCLC1013,English for Academic Purposes I (1029),3,Dr. John Chon Io WONG,Thu 11:00-11:50,1,UC,English,,,
SGE,ELC,UCLC1013,English for Academic Purposes I (1030),3,Mr. Vincent MCGURRAN,Wed 9:00-10:50,2,UC,English,,,
SGE,ELC,UCLC1013,English for Academic Purposes I (1030),3,Mr. Vincent MCGURRAN,Fri 13:00-13:50,1,UC,English,,,
SGE,ELC,UCLC1013,English for Academic Purposes I (1031),3,Ms. Jennifer Shiqi ZHAO,Tue 10:00-11:50,2,UC,English,,,
SGE,ELC,UCLC1013,English for Academic Purposes I (1031),3,Ms. Jennifer Shiqi ZHAO,Fri 16:00-16:50,1,UC,English,,,
SGE,ELC,UCLC1013,English for Academic Purposes I (1032),3,Ms. Cathy Shujing ZHANG,Wed 10:00-11:50,2,UC,English,,,
SGE,ELC,UCLC1013,English for Academic Purposes I (1032),3,Ms. Cathy Shujing ZHANG,Thu 11:00-11:50,1,UC,English,,,
SGE,ELC,UCLC1013,English for Academic Purposes I (1033),3,Dr. Craig COOPER,Tue 10:00-11:50,2,UC,English,,,
SGE,ELC,UCLC1013,English for Academic Purposes I (1033),3,Dr. Craig COOPER,Wed 13:00-13:50,1,UC,English,,,
SGE,ELC,UCLC1013,English for Academic Purposes I (1034),3,Mr. Vegas Demetrius JOHNSON,Tue 10:00-11:50,2,UC,English,,,
SGE,ELC,UCLC1013,English for Academic Purposes I (1034),3,Mr. Vegas Demetrius JOHNSON,Thu 11:00-11:50,1,UC,English,,,
SGE,ELC,UCLC1013,English for Academic Purposes I (1035),3,Mr. Lee NUTTALL,Fri 16:00-17:50,2,UC,English,,,
SGE,ELC,UCLC1013,English for Academic Purposes I (1035),3,Mr. Lee NUTTALL,Thu 8:00-8:50,1,UC,English,,,
SGE,ELC,UCLC1013,English for Academic Purposes I (1036),3,Mr. Jonathan James CORBETT,Tue 14:00-15:50,2,UC,English,,,
SGE,ELC,UCLC1013,English for Academic Purposes I (1036),3,Mr. Jonathan James CORBETT,Thu 15:00-15:50,1,UC,English,,,
SGE,ELC,UCLC1013,English for Academic Purposes I (1037),3,Ms. Lily Lili LIU,Thu 15:00-16:50,2,UC,English,,,
SGE,ELC,UCLC1013,English for Academic Purposes I (1037),3,Ms. Lily Lili LIU,Mon 10:00-10:50,1,UC,English,,,
SGE,ELC,UCLC1013,English for Academic Purposes I (1038),3,Dr. Ming NI,Mon 10:00-11:50,2,UC,English,,,
SGE,ELC,UCLC1013,English for Academic Purposes I (1038),3,Dr. Ming NI,Thu 11:00-11:50,1,UC,English,,,
SGE,ELC,UCLC1013,English for Academic Purposes I (1039),3,Ms. April Chenming HUANG,Fri 16:00-17:50,2,UC,English,,,
SGE,ELC,UCLC1013,English for Academic Purposes I (1039),3,Ms. April Chenming HUANG,Thu 8:00-8:50,1,UC,English,,,
SGE,ELC,UCLC1013,English for Academic Purposes I (1040),3,Mr. Zhenqian CHEN,Thu 8:00-9:50,2,UC,English,,,
SGE,ELC,UCLC1013,English for Academic Purposes I (1040),3,Mr. Zhenqian CHEN,Mon 11:00-11:50,1,UC,English,,,
SGE,ELC,UCLC1013,English for Academic Purposes I (1096),3,Ms. Rowan-Holly Menzies MCCAFFERY,Mon 15:00-16:50,2,UC,English,,,
SGE,ELC,UCLC1013,English for Academic Purposes I (1096),3,Ms. Rowan-Holly Menzies MCCAFFERY,Fri 9:00-9:50,1,UC,English,,,
SGE,ELC,UCLC1013,English for Academic Purposes I (1042),3,Mr. Paul Edward STEVENSON,Wed 9:00-10:50,2,UC,English,,,
SGE,ELC,UCLC1013,English for Academic Purposes I (1042),3,Mr. Paul Edward STEVENSON,Mon 15:00-15:50,1,UC,English,,,
SGE,ELC,UCLC1013,English for Academic Purposes I (1043),3,Ms. Stella Yan SHI,Mon 9:00-10:50,2,UC,English,,,
SGE,ELC,UCLC1013,English for Academic Purposes I (1043),3,Ms. Stella Yan SHI,Thu 17:00-17:50,1,UC,English,,,
SGE,ELC,UCLC1013,English for Academic Purposes I (1044),3,Dr. James Spurgeon BUDROW,Thu 15:00-16:50,2,UC,English,,,
SGE,ELC,UCLC1013,English for Academic Purposes I (1044),3,Dr. James Spurgeon BUDROW,Fri 9:00-9:50,1,UC,English,,,
SGE,ELC,UCLC1013,English for Academic Purposes I (1045),3,Ms. Jiani CHANG,Mon 9:00-10:50,2,UC,English,,,
SGE,ELC,UCLC1013,English for Academic Purposes I (1045),3,Ms. Jiani CHANG,Fri 17:00-17:50,1,UC,English,,,
SGE,ELC,UCLC1013,English for Academic Purposes I (1046),3,Ms. Melody Xuesi FENG,Mon 15:00-16:50,2,UC,English,,,
SGE,ELC,UCLC1013,English for Academic Purposes I (1046),3,Ms. Melody Xuesi FENG,Wed 11:00-11:50,1,UC,English,,,
SGE,ELC,UCLC1013,English for Academic Purposes I (1047),3,Mr. Jason REEVE,Tue 10:00-11:50,2,UC,English,,,
SGE,ELC,UCLC1013,English for Academic Purposes I (1047),3,Mr. Jason REEVE,Wed 9:00-9:50,1,UC,English,,,
SGE,ELC,UCLC1013,English for Academic Purposes I (1048),3,Dr. Xueshan ZHANG,Fri 15:00-16:50,2,UC,English,,,
SGE,ELC,UCLC1013,English for Academic Purposes I (1048),3,Dr. Xueshan ZHANG,Wed 11:00-11:50,1,UC,English,,,
SGE,ELC,UCLC1013,English for Academic Purposes I (1049),3,Ms. Sharon Hsiao-han CHEN,Wed 10:00-11:50,2,UC,English,,,
SGE,ELC,UCLC1013,English for Academic Purposes I (1049),3,Ms. Sharon Hsiao-han CHEN,Fri 15:00-15:50,1,UC,English,,,
SGE,ELC,UCLC1013,English for Academic Purposes I (1050),3,Ms. Rowan-Holly Menzies MCCAFFERY,Fri 13:00-14:50,2,UC,English,,,
SGE,ELC,UCLC1013,English for Academic Purposes I (1050),3,Ms. Rowan-Holly Menzies MCCAFFERY,Mon 11:00-11:50,1,UC,English,,,
SGE,ELC,UCLC1013,English for Academic Purposes I (1051),3,Mr. Tyrone Ashley DAVIES,Fri 15:00-16:50,2,UC,English,,,
SGE,ELC,UCLC1013,English for Academic Purposes I (1051),3,Mr. Tyrone Ashley DAVIES,Tue 14:00-14:50,1,UC,English,,,
SGE,ELC,UCLC1013,English for Academic Purposes I (1052),3,Dr. John Chon Io WONG,Tue 10:00-11:50,2,UC,English,,,
SGE,ELC,UCLC1013,English for Academic Purposes I (1052),3,Dr. John Chon Io WONG,Mon 16:00-16:50,1,UC,English,,,
SGE,ELC,UCLC1013,English for Academic Purposes I (1053),3,Mr. Vincent MCGURRAN,Fri 15:00-16:50,2,UC,English,,,
SGE,ELC,UCLC1013,English for Academic Purposes I (1053),3,Mr. Vincent MCGURRAN,Wed 13:00-13:50,1,UC,English,,,
SGE,ELC,UCLC1013,English for Academic Purposes I (1054),3,Ms. Jennifer Shiqi ZHAO,Tue 16:00-17:50,2,UC,English,,,
SGE,ELC,UCLC1013,English for Academic Purposes I (1054),3,Ms. Jennifer Shiqi ZHAO,Fri 13:00-13:50,1,UC,English,,,
SGE,ELC,UCLC1013,English for Academic Purposes I (1055),3,Ms. Cathy Shujing ZHANG,Fri 15:00-16:50,2,UC,English,,,
SGE,ELC,UCLC1013,English for Academic Purposes I (1055),3,Ms. Cathy Shujing ZHANG,Thu 17:00-17:50,1,UC,English,,,
SGE,ELC,UCLC1013,English for Academic Purposes I (1056),3,Dr. Craig COOPER,Thu 10:00-11:50,2,UC,English,,,
SGE,ELC,UCLC1013,English for Academic Purposes I (1056),3,Dr. Craig COOPER,Mon 11:00-11:50,1,UC,English,,,
SGE,ELC,UCLC1013,English for Academic Purposes I (1057),3,Mr. Vegas Demetrius JOHNSON,Thu 9:00-10:50,2,UC,English,,,
SGE,ELC,UCLC1013,English for Academic Purposes I (1057),3,Mr. Vegas Demetrius JOHNSON,Mon 11:00-11:50,1,UC,English,,,
SGE,ELC,UCLC1013,English for Academic Purposes I (1058),3,Mr. Lee NUTTALL,Thu 9:00-10:50,2,UC,English,,,
SGE,ELC,UCLC1013,English for Academic Purposes I (1058),3,Mr. Lee NUTTALL,Tue 17:00-17:50,1,UC,English,,,
SGE,ELC,UCLC1013,English for Academic Purposes I (1059),3,Mr. Zhenqian CHEN,Tue 10:00-11:50,2,UC,English,,,
SGE,ELC,UCLC1013,English for Academic Purposes I (1059),3,Mr. Zhenqian CHEN,Fri 14:00-14:50,1,UC,English,,,
SGE,ELC,UCLC1013,English for Academic Purposes I (1060),3,Ms. Lily Lili LIU,Fri 16:00-17:50,2,UC,English,,,
SGE,ELC,UCLC1013,English for Academic Purposes I (1060),3,Ms. Lily Lili LIU,Wed 8:00-8:50,1,UC,English,,,
SGE,ELC,UCLC1013,English for Academic Purposes I (1061),3,Dr. Ming NI,Thu 9:00-10:50,2,UC,English,,,
SGE,ELC,UCLC1013,English for Academic Purposes I (1061),3,Dr. Ming NI,Mon 15:00-15:50,1,UC,English,,,
SGE,ELC,UCLC1013,English for Academic Purposes I (1062),3,Ms. Stella Yan SHI,Mon 16:00-17:50,2,UC,English,,,
SGE,ELC,UCLC1013,English for Academic Purposes I (1062),3,Ms. Stella Yan SHI,Tue 17:00-17:50,1,UC,English,,,
SGE,ELC,UCLC1013,English for Academic Purposes I (1063),3,Mr. Zhenqian CHEN,Fri 16:00-17:50,2,UC,English,,,
SGE,ELC,UCLC1013,English for Academic Purposes I (1063),3,Mr. Zhenqian CHEN,Mon 17:00-17:50,1,UC,English,,,
SGE,ELC,UCLC1013,English for Academic Purposes I (1064),3,Dr. James Spurgeon BUDROW,Fri 13:00-14:50,2,UC,English,,,
SGE,ELC,UCLC1013,English for Academic Purposes I (1064),3,Dr. James Spurgeon BUDROW,Wed 13:00-13:50,1,UC,English,,,
SGE,ELC,UCLC1013,English for Academic Purposes I (1065),3,Mr. Paul Edward STEVENSON,Thu 10:00-11:50,2,UC,English,,,
SGE,ELC,UCLC1013,English for Academic Purposes I (1065),3,Mr. Paul Edward STEVENSON,Fri 16:00-16:50,1,UC,English,,,
SGE,ELC,UCLC1013,English for Academic Purposes I (1066),3,Ms. Stella Yan SHI,Tue 14:00-15:50,2,UC,English,,,
SGE,ELC,UCLC1013,English for Academic Purposes I (1066),3,Ms. Stella Yan SHI,Thu 11:00-11:50,1,UC,English,,,
SGE,ELC,UCLC1013,English for Academic Purposes I (1067),3,Dr. James Spurgeon BUDROW,Wed 10:00-11:50,2,UC,English,,,
SGE,ELC,UCLC1013,English for Academic Purposes I (1067),3,Dr. James Spurgeon BUDROW,Tue 14:00-14:50,1,UC,English,,,
SGE,ELC,UCLC1013,English for Academic Purposes I (1068),3,Ms. Jiani CHANG,Thu 15:00-16:50,2,UC,English,,,
SGE,ELC,UCLC1013,English for Academic Purposes I (1068),3,Ms. Jiani CHANG,Mon 8:00-8:50,1,UC,English,,,
SGE,ELC,UCLC1013,English for Academic Purposes I (1069),3,Ms. Melody Xuesi FENG,Thu 15:00-16:50,2,UC,English,,,
SGE,ELC,UCLC1013,English for Academic Purposes I (1069),3,Ms. Melody Xuesi FENG,Mon 11:00-11:50,1,UC,English,,,
SGE,ELC,UCLC1013,English for Academic Purposes I (1070),3,Mr. Jason REEVE,Thu 15:00-16:50,2,UC,English,,,
SGE,ELC,UCLC1013,English for Academic Purposes I (1070),3,Mr. Jason REEVE,Wed 8:00-8:50,1,UC,English,,,
SGE,ELC,UCLC1013,English for Academic Purposes I (1071),3,Dr. Xueshan ZHANG,Thu 9:00-10:50,2,UC,English,,,
SGE,ELC,UCLC1013,English for Academic Purposes I (1071),3,Dr. Xueshan ZHANG,Tue 14:00-14:50,1,UC,English,,,
SGE,ELC,UCLC1013,English for Academic Purposes I (1072),3,Ms. Sharon Hsiao-han CHEN,Thu 9:00-10:50,2,UC,English,,,
SGE,ELC,UCLC1013,English for Academic Purposes I (1072),3,Ms. Sharon Hsiao-han CHEN,Wed 8:00-8:50,1,UC,English,,,
SGE,ELC,UCLC1013,English for Academic Purposes I (1073),3,Ms. Rowan-Holly Menzies MCCAFFERY,Tue 16:00-17:50,2,UC,English,,,
SGE,ELC,UCLC1013,English for Academic Purposes I (1073),3,Ms. Rowan-Holly Menzies MCCAFFERY,Fri 15:00-15:50,1,UC,English,,,
SGE,ELC,UCLC1013,English for Academic Purposes I (1074),3,Mr. Tyrone Ashley DAVIES,Tue 16:00-17:50,2,UC,English,,,
SGE,ELC,UCLC1013,English for Academic Purposes I (1074),3,Mr. Tyrone Ashley DAVIES,Wed 8:00-8:50,1,UC,English,,,
SGE,ELC,UCLC1013,English for Academic Purposes I (1075),3,Dr. John Chon Io WONG,Tue 16:00-17:50,2,UC,English,,,
SGE,ELC,UCLC1013,English for Academic Purposes I (1075),3,Dr. John Chon Io WONG,Mon 17:00-17:50,1,UC,English,,,
SGE,ELC,UCLC1013,English for Academic Purposes I (1076),3,Mr. Vincent MCGURRAN,Mon 9:00-10:50,2,UC,English,,,
SGE,ELC,UCLC1013,English for Academic Purposes I (1076),3,Mr. Vincent MCGURRAN,Fri 9:00-9:50,1,UC,English,,,
SGE,ELC,UCLC1013,English for Academic Purposes I (1077),3,Ms. Jennifer Shiqi ZHAO,Mon 8:00-9:50,2,UC,English,,,
SGE,ELC,UCLC1013,English for Academic Purposes I (1077),3,Ms. Jennifer Shiqi ZHAO,Fri 9:00-9:50,1,UC,English,,,
SGE,ELC,UCLC1013,English for Academic Purposes I (1078),3,Ms. Cathy Shujing ZHANG,Thu 9:00-10:50,2,UC,English,,,
SGE,ELC,UCLC1013,English for Academic Purposes I (1078),3,Ms. Cathy Shujing ZHANG,Wed 13:00-13:50,1,UC,English,,,
SGE,ELC,UCLC1013,English for Academic Purposes I (1079),3,Dr. Craig COOPER,Wed 8:00-9:50,2,UC,English,,,
SGE,ELC,UCLC1013,English for Academic Purposes I (1079),3,Dr. Craig COOPER,Tue 17:00-17:50,1,UC,English,,,
SGE,ELC,UCLC1013,English for Academic Purposes I (1080),3,Mr. Vegas Demetrius JOHNSON,Wed 9:00-10:50,2,UC,English,,,
SGE,ELC,UCLC1013,English for Academic Purposes I (1080),3,Mr. Vegas Demetrius JOHNSON,Tue 14:00-14:50,1,UC,English,,,
SGE,ELC,UCLC1013,English for Academic Purposes I (1081),3,Mr. Lee NUTTALL,Tue 14:00-15:50,2,UC,English,,,
SGE,ELC,UCLC1013,English for Academic Purposes I (1081),3,Mr. Lee NUTTALL,Fri 15:00-15:50,1,UC,English,,,
SGE,ELC,UCLC1013,English for Academic Purposes I (1082),3,Mr. Paul Edward STEVENSON,Fri 14:00-15:50,2,UC,English,,,
SGE,ELC,UCLC1013,English for Academic Purposes I (1082),3,Mr. Paul Edward STEVENSON,Thu 9:00-9:50,1,UC,English,,,
SGE,ELC,UCLC1013,English for Academic Purposes I (1083),3,Ms. Lily Lili LIU,Fri 13:00-14:50,2,UC,English,,,
SGE,ELC,UCLC1013,English for Academic Purposes I (1083),3,Ms. Lily Lili LIU,Wed 9:00-9:50,1,UC,English,,,
SGE,ELC,UCLC1013,English for Academic Purposes I (1084),3,Dr. Ming NI,Wed 9:00-10:50,2,UC,English,,,
SGE,ELC,UCLC1013,English for Academic Purposes I (1084),3,Dr. Ming NI,Thu 15:00-15:50,1,UC,English,,,
SGE,ELC,UCLC1013,English for Academic Purposes I (1085),3,Ms. Jiani CHANG,Tue 14:00-15:50,2,UC,English,,,
SGE,ELC,UCLC1013,English for Academic Purposes I (1085),3,Ms. Jiani CHANG,Mon 11:00-11:50,1,UC,English,,,
SGE,ELC,UCLC1013,English for Academic Purposes I (1086),3,Mr. Zhenqian CHEN,Tue 16:00-17:50,2,UC,English,,,
SGE,ELC,UCLC1013,English for Academic Purposes I (1086),3,Mr. Zhenqian CHEN,Fri 13:00-13:50,1,UC,English,,,
SGE,ELC,UCLC1013,English for Academic Purposes I (1087),3,Ms. Sharon Hsiao-han CHEN,Fri 13:00-14:50,2,UC,English,,,
SGE,ELC,UCLC1013,English for Academic Purposes I (1087),3,Ms. Sharon Hsiao-han CHEN,Tue 16:00-16:50,1,UC,English,,,
SGE,ELC,UCLC1013,English for Academic Purposes I (1088),3,Mr. Paul Edward STEVENSON,Thu 15:00-16:50,2,UC,English,,,
SGE,ELC,UCLC1013,English for Academic Purposes I (1088),3,Mr. Paul Edward STEVENSON,Mon 11:00-11:50,1,UC,English,,,
SGE,ELC,UCLC1013,English for Academic Purposes I (1089),3,Ms. Stella Yan SHI,Thu 15:00-16:50,2,UC,English,,,
SGE,ELC,UCLC1013,English for Academic Purposes I (1089),3,Ms. Stella Yan SHI,Tue 16:00-16:50,1,UC,English,,,
SGE,ELC,UCLC1013,English for Academic Purposes I (1090),3,Dr. James Spurgeon BUDROW,Wed 8:00-9:50,2,UC,English,,,
SGE,ELC,UCLC1013,English for Academic Purposes I (1090),3,Dr. James Spurgeon BUDROW,Tue 15:00-15:50,1,UC,English,,,
SGE,ELC,UCLC1013,English for Academic Purposes I (1091),3,Ms. Jiani CHANG,Fri 14:00-15:50,2,UC,English,,,
SGE,ELC,UCLC1013,English for Academic Purposes I (1091),3,Ms. Jiani CHANG,Tue 16:00-16:50,1,UC,English,,,
SGE,ELC,UCLC1013,English for Academic Purposes I (1092),3,Ms. Melody Xuesi FENG,Wed 8:00-9:50,2,UC,English,,,
SGE,ELC,UCLC1013,English for Academic Purposes I (1092),3,Ms. Melody Xuesi FENG,Thu 14:00-14:50,1,UC,English,,,
SGE,ELC,UCLC1013,English for Academic Purposes I (1093),3,Mr. Jason REEVE,Tue 14:00-15:50,2,UC,English,,,
SGE,ELC,UCLC1013,English for Academic Purposes I (1093),3,Mr. Jason REEVE,Mon 11:00-11:50,1,UC,English,,,
SGE,ELC,UCLC1013,English for Academic Purposes I (1094),3,Dr. Xueshan ZHANG,Thu 15:00-16:50,2,UC,English,,,
SGE,ELC,UCLC1013,English for Academic Purposes I (1094),3,Dr. Xueshan ZHANG,Tue 16:00-16:50,1,UC,English,,,
SGE,ELC,UCLC1013,English for Academic Purposes I (1095),3,Dr. Ming NI,Fri 13:00-14:50,2,UC,English,,,
SGE,ELC,UCLC1013,English for Academic Purposes I (1095),3,Dr. Ming NI,Wed 11:00-11:50,1,UC,English,,,
SGE,ELC,UCLC1013,English for Academic Purposes I (1041),3,Ms. Danni ZHENG,Thu 9:00-10:50,2,UC,English,,,
SGE,ELC,UCLC1013,English for Academic Purposes I (1041),3,Ms. Danni ZHENG,Tue 17:00-17:50,1,UC,English,,,
SGE,ELC,UCLC1013,English for Academic Purposes I (1097),3,Mr. Tyrone Ashley DAVIES,Fri 13:00-14:50,2,UC,English,,,
SGE,ELC,UCLC1013,English for Academic Purposes I (1097),3,Mr. Tyrone Ashley DAVIES,Wed 11:00-11:50,1,UC,English,,,
SGE,ELC,UCLC1013,English for Academic Purposes I (1098),3,Dr. John Chon Io WONG,Thu 9:00-10:50,2,UC,English,,,
SGE,ELC,UCLC1013,English for Academic Purposes I (1098),3,Dr. John Chon Io WONG,Wed 8:00-8:50,1,UC,English,,,
SGE,ELC,UCLC1013,English for Academic Purposes I (1099),3,Mr. Vincent MCGURRAN,Thu 10:00-11:50,2,UC,English,,,
SGE,ELC,UCLC1013,English for Academic Purposes I (1099),3,Mr. Vincent MCGURRAN,Wed 8:00-8:50,1,UC,English,,,
SGE,ELC,UCLC1013,English for Academic Purposes I (1100),3,Ms. Jennifer Shiqi ZHAO,Thu 15:00-16:50,2,UC,English,,,
SGE,ELC,UCLC1013,English for Academic Purposes I (1100),3,Ms. Jennifer Shiqi ZHAO,Mon 11:00-11:50,1,UC,English,,,
SGE,ELC,UCLC1013,English for Academic Purposes I (1101),3,Ms. Cathy Shujing ZHANG,Tue 15:00-16:50,2,UC,English,,,
SGE,ELC,UCLC1013,English for Academic Purposes I (1101),3,Ms. Cathy Shujing ZHANG,Thu 15:00-15:50,1,UC,English,,,
SGE,ELC,UCLC1013,English for Academic Purposes I (1102),3,Dr. Craig COOPER,Thu 15:00-16:50,2,UC,English,,,
SGE,ELC,UCLC1013,English for Academic Purposes I (1102),3,Dr. Craig COOPER,Tue 15:00-15:50,1,UC,English,,,
SGE,ELC,UCLC1013,English for Academic Purposes I (1103),3,Mr. Vegas Demetrius JOHNSON,Thu 15:00-16:50,2,UC,English,,,
SGE,ELC,UCLC1013,English for Academic Purposes I (1103),3,Mr. Vegas Demetrius JOHNSON,Wed 11:00-11:50,1,UC,English,,,
SGE,ELC,UCLC1013,English for Academic Purposes I (1104),3,Mr. Lee NUTTALL,Fri 13:00-14:50,2,UC,English,,,
SGE,ELC,UCLC1013,English for Academic Purposes I (1104),3,Mr. Lee NUTTALL,Thu 16:00-16:50,1,UC,English,,,
SGE,ELC,UCLC1013,English for Academic Purposes I (1105),3,Ms. Lily Lili LIU,Wed 10:00-11:50,2,UC,English,,,
SGE,ELC,UCLC1013,English for Academic Purposes I (1105),3,Ms. Lily Lili LIU,Thu 17:00-17:50,1,UC,English,,,
SGE,ELC,UCLC1033,English for Academic Purposes III (1001),3,Mr. Alexander Mark JAMES,Fri 15:00-16:50,2,UC,English,,,
SGE,ELC,UCLC1033,English for Academic Purposes III (1001),3,Mr. Alexander Mark JAMES,Mon 11:00-11:50,1,UC,English,,,
SGE,ELC,UCLC1033,English for Academic Purposes III (1002),3,Dr. Ian Yick Yan LIU,Mon 10:00-11:50,2,UC,English,,,
SGE,ELC,UCLC1033,English for Academic Purposes III (1002),3,Dr. Ian Yick Yan LIU,Fri 15:00-15:50,1,UC,English,,,
SGE,ELC,UCLC1033,English for Academic Purposes III (1003),3,Dr. Guozhi CAI,Fri 13:00-14:50,2,UC,English,,,
SGE,ELC,UCLC1033,English for Academic Purposes III (1003),3,Dr. Guozhi CAI,Wed 11:00-11:50,1,UC,English,,,
SGE,ELC,UCLC1033,English for Academic Purposes III (1004),3,Dr. Peter Xiao LUO,Thu 10:00-11:50,2,UC,English,,,
SGE,ELC,UCLC1033,English for Academic Purposes III (1004),3,Dr. Peter Xiao LUO,Mon 9:00-9:50,1,UC,English,,,
SGE,ELC,UCLC1033,English for Academic Purposes III (1005),3,Mr. Tony Khac DINH,Thu 10:00-11:50,2,UC,English,,,
SGE,ELC,UCLC1033,English for Academic Purposes III (1005),3,Mr. Tony Khac DINH,Mon 11:00-11:50,1,UC,English,,,
SGE,ELC,UCLC1033,English for Academic Purposes III (1006),3,Dr. Hui MA,Tue 10:00-11:50,2,UC,English,,,
SGE,ELC,UCLC1033,English for Academic Purposes III (1006),3,Dr. Hui MA,Thu 17:00-17:50,1,UC,English,,,
SGE,ELC,UCLC1033,English for Academic Purposes III (1007),3,Dr. Michael Mehrubon MAVLONI,Thu 15:00-16:50,2,UC,English,,,
SGE,ELC,UCLC1033,English for Academic Purposes III (1007),3,Dr. Michael Mehrubon MAVLONI,Tue 11:00-11:50,1,UC,English,,,
SGE,ELC,UCLC1033,English for Academic Purposes III (1008),3,Mr. Dean MacKinnon THOMSON,Tue 15:00-16:50,2,UC,English,,,
SGE,ELC,UCLC1033,English for Academic Purposes III (1008),3,Mr. Dean MacKinnon THOMSON,Mon 17:00-17:50,1,UC,English,,,
SGE,ELC,UCLC1033,English for Academic Purposes III (1009),3,Mr. Mark Rahim KAZEMZADEH,Thu 10:00-11:50,2,UC,English,,,
SGE,ELC,UCLC1033,English for Academic Purposes III (1009),3,Mr. Mark Rahim KAZEMZADEH,Wed 9:00-9:50,1,UC,English,,,
SGE,ELC,UCLC1033,English for Academic Purposes III (1010),3,Mr. Alexander Mark JAMES,Thu 15:00-16:50,2,UC,English,,,
SGE,ELC,UCLC1033,English for Academic Purposes III (1010),3,Mr. Alexander Mark JAMES,Fri 9:00-9:50,1,UC,English,,,
SGE,ELC,UCLC1033,English for Academic Purposes III (1011),3,Dr. Ian Yick Yan LIU,Thu 15:00-16:50,2,UC,English,,,
SGE,ELC,UCLC1033,English for Academic Purposes III (1011),3,Dr. Ian Yick Yan LIU,Wed 9:00-9:50,1,UC,English,,,
SGE,ELC,UCLC1033,English for Academic Purposes III (1012),3,Dr. Guozhi CAI,Tue 14:00-15:50,2,UC,English,,,
SGE,ELC,UCLC1033,English for Academic Purposes III (1012),3,Dr. Guozhi CAI,Thu 17:00-17:50,1,UC,English,,,
SGE,ELC,UCLC1033,English for Academic Purposes III (1013),3,Dr. Peter Xiao LUO,Tue 10:00-11:50,2,UC,English,,,
SGE,ELC,UCLC1033,English for Academic Purposes III (1013),3,Dr. Peter Xiao LUO,Fri 8:00-8:50,1,UC,English,,,
SGE,ELC,UCLC1033,English for Academic Purposes III (1014),3,Mr. Tony Khac DINH,Tue 14:00-15:50,2,UC,English,,,
SGE,ELC,UCLC1033,English for Academic Purposes III (1014),3,Mr. Tony Khac DINH,Mon 10:00-10:50,1,UC,English,,,
SGE,ELC,UCLC1033,English for Academic Purposes III (1015),3,Dr. Hui MA,Fri 8:00-9:50,2,UC,English,,,
SGE,ELC,UCLC1033,English for Academic Purposes III (1015),3,Dr. Hui MA,Tue 16:00-16:50,1,UC,English,,,
SGE,ELC,UCLC1033,English for Academic Purposes III (1016),3,Dr. Michael Mehrubon MAVLONI,Tue 15:00-16:50,2,UC,English,,,
SGE,ELC,UCLC1033,English for Academic Purposes III (1016),3,Dr. Michael Mehrubon MAVLONI,Wed 13:00-13:50,1,UC,English,,,
SGE,ELC,UCLC1033,English for Academic Purposes III (1017),3,Mr. Dean MacKinnon THOMSON,Fri 15:00-16:50,2,UC,English,,,
SGE,ELC,UCLC1033,English for Academic Purposes III (1017),3,Mr. Dean MacKinnon THOMSON,Mon 9:00-9:50,1,UC,English,,,
SGE,ELC,UCLC1033,English for Academic Purposes III (1018),3,Mr. Mark Rahim KAZEMZADEH,Tue 14:00-15:50,2,UC,English,,,
SGE,ELC,UCLC1033,English for Academic Purposes III (1018),3,Mr. Mark Rahim KAZEMZADEH,Thu 15:00-15:50,1,UC,English,,,
SGE,ELC,UCLC1033,English for Academic Purposes III (1019),3,Mr. Alexander Mark JAMES,Tue 10:00-11:50,2,UC,English,,,
SGE,ELC,UCLC1033,English for Academic Purposes III (1019),3,Mr. Alexander Mark JAMES,Thu 10:00-10:50,1,UC,English,,,
SGE,ELC,UCLC1033,English for Academic Purposes III (1020),3,Dr. Ian Yick Yan LIU,Tue 14:00-15:50,2,UC,English,,,
SGE,ELC,UCLC1033,English for Academic Purposes III (1020),3,Dr. Ian Yick Yan LIU,Wed 13:00-13:50,1,UC,English,,,
SGE,ELC,UCLC1033,English for Academic Purposes III (1021),3,Dr. Guozhi CAI,Tue 16:00-17:50,2,UC,English,,,
SGE,ELC,UCLC1033,English for Academic Purposes III (1021),3,Dr. Guozhi CAI,Thu 15:00-15:50,1,UC,English,,,
SGE,ELC,UCLC1033,English for Academic Purposes III (1022),3,Dr. Peter Xiao LUO,Fri 13:00-14:50,2,UC,English,,,
SGE,ELC,UCLC1033,English for Academic Purposes III (1022),3,Dr. Peter Xiao LUO,Tue 14:00-14:50,1,UC,English,,,
SGE,ELC,UCLC1033,English for Academic Purposes III (1023),3,Mr. Tony Khac DINH,Fri 13:00-14:50,2,UC,English,,,
SGE,ELC,UCLC1033,English for Academic Purposes III (1023),3,Mr. Tony Khac DINH,Mon 15:00-15:50,1,UC,English,,,
SGE,ELC,UCLC1033,English for Academic Purposes III (1024),3,Dr. Hui MA,Thu 9:00-10:50,2,UC,English,,,
SGE,ELC,UCLC1033,English for Academic Purposes III (1024),3,Dr. Hui MA,Mon 15:00-15:50,1,UC,English,,,
SGE,ELC,UCLC1033,English for Academic Purposes III (1025),3,Dr. Michael Mehrubon MAVLONI,Wed 8:00-9:50,2,UC,English,,,
SGE,ELC,UCLC1033,English for Academic Purposes III (1025),3,Dr. Michael Mehrubon MAVLONI,Fri 9:00-9:50,1,UC,English,,,
SGE,ELC,UCLC1033,English for Academic Purposes III (1026),3,Mr. Dean MacKinnon THOMSON,Thu 8:00-9:50,2,UC,English,,,
SGE,ELC,UCLC1033,English for Academic Purposes III (1026),3,Mr. Dean MacKinnon THOMSON,Mon 8:00-8:50,1,UC,English,,,
SGE,ELC,UCLC1033,English for Academic Purposes III (1027),3,Mr. Mark Rahim KAZEMZADEH,Tue 10:00-11:50,2,UC,English,,,
SGE,ELC,UCLC1033,English for Academic Purposes III (1027),3,Mr. Mark Rahim KAZEMZADEH,Fri 16:00-16:50,1,UC,English,,,
SGE,ELC,UCLC1033,English for Academic Purposes III (1028),3,Mr. Alexander Mark JAMES,Mon 15:00-16:50,2,UC,English,,,
SGE,ELC,UCLC1033,English for Academic Purposes III (1028),3,Mr. Alexander Mark JAMES,Thu 11:00-11:50,1,UC,English,,,
SGE,ELC,UCLC1033,English for Academic Purposes III (1029),3,Dr. Ian Yick Yan LIU,Thu 9:00-10:50,2,UC,English,,,
SGE,ELC,UCLC1033,English for Academic Purposes III (1029),3,Dr. Ian Yick Yan LIU,Fri 13:00-13:50,1,UC,English,,,
SGE,ELC,UCLC1033,English for Academic Purposes III (1030),3,Dr. Guozhi CAI,Fri 15:00-16:50,2,UC,English,,,
SGE,ELC,UCLC1033,English for Academic Purposes III (1030),3,Dr. Guozhi CAI,Mon 11:00-11:50,1,UC,English,,,
SGE,ELC,UCLC1033,English for Academic Purposes III (1031),3,Dr. Peter Xiao LUO,Tue 15:00-16:50,2,UC,English,,,
SGE,ELC,UCLC1033,English for Academic Purposes III (1031),3,Dr. Peter Xiao LUO,Mon 10:00-10:50,1,UC,English,,,
SGE,ELC,UCLC1033,English for Academic Purposes III (1032),3,Mr. Tony Khac DINH,Tue 10:00-11:50,2,UC,English,,,
SGE,ELC,UCLC1033,English for Academic Purposes III (1032),3,Mr. Tony Khac DINH,Thu 17:00-17:50,1,UC,English,,,
SGE,ELC,UCLC1033,English for Academic Purposes III (1034),3,Dr. Michael Mehrubon MAVLONI,Fri 14:00-15:50,2,UC,English,,,
SGE,ELC,UCLC1033,English for Academic Purposes III (1034),3,Dr. Michael Mehrubon MAVLONI,Tue 10:00-10:50,1,UC,English,,,
SGE,ELC,UCLC1033,English for Academic Purposes III (1035),3,Mr. Dean MacKinnon THOMSON,Mon 15:00-16:50,2,UC,English,,,
SGE,ELC,UCLC1033,English for Academic Purposes III (1035),3,Mr. Dean MacKinnon THOMSON,Thu 10:00-10:50,1,UC,English,,,
SGE,ELC,UCLC1033,English for Academic Purposes III (1036),3,Mr. Mark Rahim KAZEMZADEH,Fri 8:00-9:50,2,UC,English,,,
SGE,ELC,UCLC1033,English for Academic Purposes III (1036),3,Mr. Mark Rahim KAZEMZADEH,Wed 13:00-13:50,1,UC,English,,,
SGE,ELC,UCLC1033,English for Academic Purposes III (1037),3,Mr. Alexander Mark JAMES,Tue 16:00-17:50,2,UC,English,,,
SGE,ELC,UCLC1033,English for Academic Purposes III (1037),3,Mr. Alexander Mark JAMES,Thu 9:00-9:50,1,UC,English,,,
SGE,ELC,UCLC1033,English for Academic Purposes III (1038),3,Dr. Guozhi CAI,Mon 16:00-17:50,2,UC,English,,,
SGE,ELC,UCLC1033,English for Academic Purposes III (1038),3,Dr. Guozhi CAI,Wed 13:00-13:50,1,UC,English,,,
SGE,ELC,UCLC1033,English for Academic Purposes III (1039),3,Dr. Peter Xiao LUO,Fri 15:00-16:50,2,UC,English,,,
SGE,ELC,UCLC1033,English for Academic Purposes III (1039),3,Dr. Peter Xiao LUO,Mon 15:00-15:50,1,UC,English,,,
SGE,ELC,UCLC1033,English for Academic Purposes III (1040),3,Mr. Tony Khac DINH,Mon 16:00-17:50,2,UC,English,,,
SGE,ELC,UCLC1033,English for Academic Purposes III (1040),3,Mr. Tony Khac DINH,Tue 16:00-16:50,1,UC,English,,,
SGE,ELC,UCLC1033,English for Academic Purposes III (1041),3,Dr. Michael Mehrubon MAVLONI,Thu 9:00-10:50,2,UC,English,,,
SGE,ELC,UCLC1033,English for Academic Purposes III (1041),3,Dr. Michael Mehrubon MAVLONI,Fri 16:00-16:50,1,UC,English,,,
SGE,ELC,UCLC1033,English for Academic Purposes III (1042),3,Mr. Dean MacKinnon THOMSON,Fri 13:00-14:50,2,UC,English,,,
SGE,ELC,UCLC1033,English for Academic Purposes III (1042),3,Mr. Dean MacKinnon THOMSON,Mon 10:00-10:50,1,UC,English,,,
SGE,ELC,UCLC1033,English for Academic Purposes III (1043),3,Mr. Mark Rahim KAZEMZADEH,Thu 16:00-17:50,2,UC,English,,,
SGE,ELC,UCLC1033,English for Academic Purposes III (1043),3,Mr. Mark Rahim KAZEMZADEH,Fri 14:00-14:50,1,UC,English,,,
SGE,WPEC,GCAP3043,Man and Nature in Whole Person Perspective (1001),3,Prof. William Andrew SCHWARTZ,Mon 13:00-14:50,2,GE2021,English,,,
SGE,WPEC,GCAP3043,Man and Nature in Whole Person Perspective (1001),3,Prof. William Andrew SCHWARTZ,Thu 14:00-14:50,1,GE2021,English,,,
SGE,WPEC,UCHL1063,Fitness (Group 1) (1007),1,Ms. Young Yang LIU,Mon 15:00-16:50,2,UC,English & Chinese,,,
SGE,WPEC,UCHL1063,Fitness (Group 1) (1015),1,Prof. Jiangong TAN,Mon 15:00-16:50,2,UC,English & Chinese,,,
SGE,WPEC,UCHL1063,Fitness (Group 2) (1008),1,Ms. Young Yang LIU,Tue 14:00-15:50,2,UC,English & Chinese,,,
SGE,WPEC,UCHL1063,Fitness (Group 3) (1009),1,Ms. Young Yang LIU,Tue 16:00-17:50,2,UC,English & Chinese,,,
SGE,WPEC,UCHL1063,Fitness (Group 4) (1010),1,Ms. Young Yang LIU,Wed 10:00-11:50,2,UC,English & Chinese,,,
SGE,WPEC,UCHL1063,Fitness (Group 5) (1011),1,Ms. Young Yang LIU,Wed 15:00-16:50,2,UC,English & Chinese,,,
SGE,WPEC,UCHL1063,Fitness (Group 6) (1012),1,Ms. Young Yang LIU,Thu 15:00-16:50,2,UC,English & Chinese,,,
SGE,WPEC,UCHL1143,Aerobic Dancing (Group 3) (1001),1,Ms. Kathryn Jing LIU,Tue 16:00-17:50,2,UC,English & Chinese,,,
SGE,WPEC,UCHL1143,Aerobic Dancing (Group 4) (1002),1,Ms. Kathryn Jing LIU,Wed 10:00-11:50,2,UC,English & Chinese,,,
SGE,WPEC,UCHL1143,Aerobic Dancing (Group 5) (1003),1,Ms. Kathryn Jing LIU,Wed 15:00-16:50,2,UC,English & Chinese,,,
SGE,WPEC,UCHL1143,Aerobic Dancing (Group 6) (1004),1,Ms. Kathryn Jing LIU,Thu 15:00-16:50,2,UC,English & Chinese,,,
SGE,WPEC,UCHL1163,Stretch and Flex - Fitness Ball Exercise (Group 1) (1001),1,Ms. Kathryn Jing LIU,Mon 15:00-16:50,2,UC,English & Chinese,,,
SGE,WPEC,UCHL1163,Stretch and Flex - Fitness Ball Exercise (Group 2) (1002),1,Ms. Kathryn Jing LIU,Tue 14:00-15:50,2,UC,English & Chinese,,,
SGE,WPEC,UCHL12138001,Special Course for Fitness (Group 7) (1001),1,Ms. Young Yang LIU,Wed 18:00-19:50,2,UC,English & Chinese,,,
SGE,WPEC,UCHL1243,Golf (Group 2) (1005),1,Prof. Jiangong TAN,Mon 10:00-12:50,3,UC,English & Chinese,,,
SGE,WPEC,UCHL1313,Salsa Dancing (Group 1) (1001),1,Mr. Ka Keung WONG,Mon 15:00-16:50,2,UC,English & Chinese,,,
SGE,WPEC,UCHL1313,Salsa Dancing (Group 2) (1002),1,Mr. Ka Keung WONG,Tue 14:00-15:50,2,UC,English & Chinese,,,
SGE,WPEC,UCHL1313,Salsa Dancing (Group 3) (1003),1,Mr. Ka Keung WONG,Tue 16:00-17:50,2,UC,English & Chinese,,,
SGE,WPEC,UCHL1313,Salsa Dancing (Group 4) (1004),1,Mr. Ka Keung WONG,Wed 10:00-11:50,2,UC,English & Chinese,,,
SGE,WPEC,UCHL1313,Salsa Dancing (Group 5) (1005),1,Mr. Ka Keung WONG,Wed 15:00-16:50,2,UC,English & Chinese,,,
SGE,WPEC,UCHL1313,Salsa Dancing (Group 6) (1006),1,Mr. Ka Keung WONG,Thu 14:00-15:50,2,UC,English & Chinese,,,
SGE,WPEC,WPEX1013,Emotional Intelligence (Group 1) (1024),1,Ms. Lily He BAI,Mon 10:00-11:50,2,WPE,English & Chinese,,,
SGE,WPEC,WPEX1013,Emotional Intelligence (Group 2) (1025),1,Ms. Lily He BAI,Tue 10:00-11:50,2,WPE,English & Chinese,,,
SGE,WPEC,WPEX1013,Emotional Intelligence (Group 3) (1026),1,Ms. Lily He BAI,Wed 10:00-11:50,2,WPE,English & Chinese,,,
SGE,WPEC,WPEX1013,Emotional Intelligence (Group 4) (1027),1,Ms. Lily He BAI,Thu 10:00-11:50,2,WPE,English & Chinese,,,
SGE,WPEC,WPEX1013,Emotional Intelligence (Group 5) (1028),1,Ms. Lily He BAI,Fri 8:00-9:50,2,WPE,English & Chinese,,,
SGE,WPEC,WPEX1013,Emotional Intelligence (Group 6) (1029),1,Ms. Lily He BAI,Fri 14:00-15:50,2,WPE,English & Chinese,,,
SGE,WPEC,WPEX20138001,Experiential Arts (Water Color Painting) (Group 1) (1035),1,Ms. Olivia Xinying KONG,Mon 10:00-11:50,2,WPE,English & Chinese,,,
SGE,WPEC,WPEX20138001,Experiential Arts (Western Painting) (Group 2) (1002),1,Ms. Jamie Jia DONG,Mon 16:00-17:50,2,WPE,English & Chinese,,,
SGE,WPEC,WPEX20138001,Experiential Arts (Water Color Painting) (Group 5) (1039),1,Ms. Olivia Xinying KONG,Thu 10:00-11:50,2,WPE,English & Chinese,,,
SGE,WPEC,WPEX20138001,Experiential Arts (Water Color Painting) (Group 6) (1040),1,Ms. Olivia Xinying KONG,Thu 8:00-9:50,2,WPE,English & Chinese,,,
SGE,WPEC,WPEX20338001,Environmental Awareness (Wildlife and Human) (Group 1) (1006),1,Ms. Sara Yaqian MO,Mon 15:00-16:50,2,WPE,English & Chinese,,,
SGE,WPEC,WPEX20338001,Environmental Awareness (Environmental Study) (Group 2) (1002),1,Ms. Fanghua LI,Tue 10:00-11:50,2,WPE,English & Chinese,,,
SGE,WPEC,WPEX20338001,Environmental Awareness (Environmental Study) (Group 3) (1020),1,Dr. Sibei LIU,Tue 14:00-15:50,2,WPE,English & Chinese,,,
SGE,WPEC,WPEX20338001,Environmental Awareness (Environmental Study) (Group 4) (1004),1,Ms. Fanghua LI,Wed 14:00-15:50,2,WPE,English & Chinese,,,
SGE,WPEC,WPEX20338001,Environmental Awareness (Wildlife and Human) (Group 5) (1010),1,Ms. Sara Yaqian MO,Thu 10:00-11:50,2,WPE,English & Chinese,,,
SGE,WPEC,WPEX20338001,Environmental Awareness (Environmental Study) (Group 6) (1023),1,Dr. Sibei LIU,Thu 15:00-16:50,2,WPE,English & Chinese,,,
SGE,WPEC,WPFE1003,Process Philosophy: The Philosophical Foundation of Whole Person Education (1001),3,Prof. Haipeng GUO & Prof. William Andrew SCHWARTZ,Fri 10:00-11:50,2,FE,English,,,
SGE,WPEC,WPFE1003,Process Philosophy: The Philosophical Foundation of Whole Person Education (1001),3,Prof. Haipeng GUO & Prof. William Andrew SCHWARTZ,Tue 13:00-13:50,1,FE,English,,,
